address,name,path,semantic
00112380,check_state_range,runtime/state/check_state_range,
001123a8,_calloc_r,sdk/library/_calloc_r,
00112468,close_r,sdk/library/close_r,
001124c0,quorem,assembly/sdk/library/quorem,
001126d8,_dtoa_r,sdk/library/_dtoa_r,
001138a8,get_global_state_pointer,runtime/state/get_global_state_pointer,GetGlobalStatePointer
001138b8,exit,sdk/library/exit,
00113968,fflush,sdk/library/fflush,
00113a70,std,sdk/library/std,
00113ae0,sinit,sdk/library/sinit,
00113b70,free_r,sdk/library/free_r,
00113e90,malloc_trim_r,sdk/library/malloc_trim_r,
00114000,reentrant_syscall_with_two_arguments,runtime/newlib/reentrant_syscall_with_two_arguments,
00114060,sfvwrite,sdk/library/sfvwrite,
00114438,fwalk,sdk/library/fwalk,
001144d8,get_state_resource,runtime/resources/get_state_resource,GetStateResource
001144f0,get_state_resource_wrapper,runtime/resources/get_state_resource_wrapper,
00114518,reentrant_syscall_with_three_arguments,runtime/newlib/reentrant_syscall_with_three_arguments,
00114578,smakebuf,sdk/library/smakebuf,
001146c8,malloc_extend_top,sdk/library/malloc_extend_top,
00114920,malloc_r,sdk/library/malloc_r,
00115098,convert_multibyte_character,assembly/runtime/encoding/convert_multibyte_character,
001150d4,memchr,assembly/sdk/library/memchr,
001151b4,memcmp,assembly/sdk/library/memcmp,
00115248,memcpy,assembly/sdk/library/memcpy,
001152f8,memmove,assembly/sdk/library/memmove,
001153fc,memset,assembly/sdk/library/memset,
001154c0,noop_core_utility,runtime/callbacks/noop_core_utility,NoOpCoreUtility
001154c8,noop_core_utility_secondary,runtime/callbacks/noop_core_utility_secondary,NoOpCoreUtilitySecondary
001154d0,balloc,sdk/library/balloc,
00115578,insert_link_object,runtime/containers/insert_link_object,
001155a8,_multadd,sdk/library/_multadd,
001156c0,hi0bits,sdk/library/hi0bits,
00115748,lo0bits,sdk/library/lo0bits,
00115808,initialize_object_resource,runtime/resources/initialize_object_resource,Func00115808
00115840,_multiply,sdk/library/_multiply,
00115a70,pow5mult,sdk/library/pow5mult,
00115b70,lshift,sdk/library/lshift,
00115ce8,dcmp,sdk/library/dcmp,
00115d50,mdiff,sdk/library/mdiff,
00115ee8,d2b,sdk/library/d2b,
00116078,printf,sdk/debug/printf,
001160c8,set_global_state_slot,runtime/state/set_global_state_slot,SetGlobalStateSlot
001160d8,rand,sdk/library/rand,
00116108,reentrant_read,runtime/newlib/reentrant_read,
00116168,double_is_not_nan,assembly/textbin/math/floating_point/double_is_not_nan,
001161b0,classify_float_bits,assembly/math/classify_float_bits,ClassifyDoubleNaN
001161e8,_sbrk_r,sdk/library/_sbrk_r,
00116248,sprintf,sdk/debug/sprintf,
001162b8,sread,sdk/library/sread,
00116320,__swrite,sdk/library/__swrite,
001163a0,sseek,sdk/library/sseek,
00116408,resolve_resource_index,runtime/resources/resolve_resource_index,Func00116408
00116428,strchr,assembly/sdk/library/strchr,
001165b8,strcpy,assembly/sdk/library/strcpy,
001166cc,strlen,assembly/sdk/library/strlen,
00116808,strncpy,assembly/sdk/library/strncpy,
001169c8,find_substring,assembly/sdk/library/find_substring,
00116a38,_strtol_r,sdk/library/_strtol_r,
00116c70,call_global_state_resource,runtime/resources/call_global_state_resource,
00116ca8,__sprint,sdk/library/__sprint,
00116cf0,sbprintf,sdk/debug/sbprintf,
00116da8,fun_00116da8,textbin/fun_00116da8,
00118338,cvt,sdk/library/cvt,
001184e8,exponent,assembly/sdk/library/exponent,
001185d0,reentrant_write,runtime/newlib/reentrant_write,
00118630,swsetup,sdk/library/swsetup,
00118740,invoke_kernel_syscall_0000,assembly/sdk/syscalls/invoke_kernel_syscall_0000,
00118750,set_gs_crt,assembly/sdk/display/set_gs_crt,
00118760,exit,assembly/sdk/system/exit,
00118770,invoke_kernel_syscall_0008,assembly/sdk/syscalls/invoke_kernel_syscall_0008,
00118780,invoke_kernel_syscall_000c,assembly/sdk/syscalls/invoke_kernel_syscall_000c,
00118790,add_intc_handler,assembly/sdk/interrupts/add_intc_handler,
001187a0,remove_intc_handler,assembly/sdk/interrupts/remove_intc_handler,
001187b0,add_dmac_handler,assembly/sdk/interrupts/add_dmac_handler,
001187c0,add_dmac_handler_secondary,assembly/sdk/interrupts/add_dmac_handler_secondary,
001187d0,remove_dmac_handler,assembly/sdk/interrupts/remove_dmac_handler,
001187e0,enable_intc,assembly/sdk/interrupts/enable_intc,
001187f0,disable_intc,assembly/sdk/interrupts/disable_intc,
00118800,enable_dmac,assembly/sdk/interrupts/enable_dmac,
00118810,disable_dmac,assembly/sdk/interrupts/disable_dmac,
00118820,set_alarm,assembly/sdk/interrupts/set_alarm,
00118830,invoke_kernel_syscall_ffe6,assembly/sdk/syscalls/invoke_kernel_syscall_ffe6,
00118840,invoke_kernel_syscall_ff02,assembly/sdk/syscalls/invoke_kernel_syscall_ff02,
00118850,create_thread,assembly/sdk/threads/create_thread,
00118860,delete_thread,assembly/sdk/threads/delete_thread,
00118870,start_thread,assembly/sdk/threads/start_thread,
00118880,terminate_thread,assembly/sdk/threads/terminate_thread,
00118890,invoke_kernel_syscall_ffda,assembly/sdk/syscalls/invoke_kernel_syscall_ffda,
001188a0,change_thread_priority,assembly/sdk/threads/change_thread_priority,
001188b0,invoke_kernel_syscall_ffd6,assembly/sdk/syscalls/invoke_kernel_syscall_ffd6,
001188c0,rotate_thread_ready_queue,assembly/sdk/threads/rotate_thread_ready_queue,
001188d0,invoke_kernel_syscall_ffd2,assembly/sdk/syscalls/invoke_kernel_syscall_ffd2,
001188e0,get_thread_id,assembly/sdk/threads/get_thread_id,
001188f0,refer_thread_status,assembly/sdk/threads/refer_thread_status,
00118900,sleep_thread,assembly/sdk/threads/sleep_thread,
00118910,wakeup_thread,assembly/sdk/threads/wakeup_thread,
00118920,i_wakeup_thread,assembly/sdk/threads/i_wakeup_thread,
00118930,invoke_kernel_syscall_ffca,assembly/sdk/syscalls/invoke_kernel_syscall_ffca,
00118940,suspend_thread,assembly/sdk/threads/suspend_thread,
00118950,invoke_kernel_syscall_ffc6,assembly/sdk/syscalls/invoke_kernel_syscall_ffc6,
00118960,end_of_heap,assembly/sdk/system/end_of_heap,
00118970,create_semaphore,assembly/sdk/threads/create_semaphore,
00118980,delete_semaphore,assembly/sdk/threads/delete_semaphore,
00118990,signal_semaphore,assembly/sdk/threads/signal_semaphore,
001189a0,i_signal_semaphore,assembly/sdk/threads/i_signal_semaphore,
001189b0,wait_semaphore,assembly/sdk/threads/wait_semaphore,
001189c0,poll_semaphore,assembly/sdk/threads/poll_semaphore,
001189d0,invoke_kernel_syscall_ffba,assembly/sdk/syscalls/invoke_kernel_syscall_ffba,
001189e0,set_osd_config_param,assembly/sdk/system/set_osd_config_param,
001189f0,get_osd_config_param,assembly/sdk/system/get_osd_config_param,
00118a00,invoke_kernel_syscall_004e,assembly/sdk/syscalls/invoke_kernel_syscall_004e,
00118a10,invoke_kernel_syscall_0052,assembly/sdk/syscalls/invoke_kernel_syscall_0052,
00118a20,invoke_kernel_syscall_0056,assembly/sdk/syscalls/invoke_kernel_syscall_0056,
00118a30,invoke_kernel_syscall_ffa6,assembly/sdk/syscalls/invoke_kernel_syscall_ffa6,
00118a40,invoke_kernel_syscall_005d,assembly/sdk/syscalls/invoke_kernel_syscall_005d,
00118a50,invoke_kernel_syscall_005f,assembly/sdk/syscalls/invoke_kernel_syscall_005f,
00118a60,enable_cache,assembly/sdk/memory/cache/enable_cache,
00118a70,invoke_kernel_syscall_0062,assembly/sdk/syscalls/invoke_kernel_syscall_0062,
00118a80,flush_cache,assembly/sdk/memory/cache/flush_cache,
00118a90,invoke_kernel_syscall_ff99,assembly/sdk/syscalls/invoke_kernel_syscall_ff99,
00118aa0,sce_sif_stop_dma,assembly/sdk/dma/sce_sif_stop_dma,
00118ab0,invoke_kernel_syscall_006c,assembly/sdk/syscalls/invoke_kernel_syscall_006c,
00118ac0,get_osd_config_param2,assembly/sdk/system/get_osd_config_param2,
00118ad0,gs_get_imr,assembly/sdk/display/gs_get_imr,
00118ae0,gs_put_imr,assembly/sdk/display/gs_put_imr,
00118af0,invoke_kernel_syscall_0072,assembly/sdk/syscalls/invoke_kernel_syscall_0072,
00118b00,set_vsync_flag,assembly/sdk/interrupts/set_vsync_flag,
00118b10,sce_sif_dma_stat,assembly/sdk/dma/sce_sif_dma_stat,
00118b20,sce_sif_set_dma,assembly/sdk/dma/sce_sif_set_dma,
00118b30,i_sce_sif_set_dma,assembly/sdk/dma/i_sce_sif_set_dma,
00118b40,sce_sif_set_dchain,assembly/sdk/dma/sce_sif_set_dchain,
00118b50,i_sce_sif_set_dchain,assembly/sdk/dma/i_sce_sif_set_dchain,
00118b60,sce_sif_set_reg,assembly/sdk/rpc/sce_sif_set_reg,
00118b70,sce_sif_get_reg,assembly/sdk/rpc/sce_sif_get_reg,
00118b80,invoke_kernel_syscall_007b,assembly/sdk/syscalls/invoke_kernel_syscall_007b,
00118b90,deci2_call,assembly/sdk/debug/deci2_call,
00118ba0,get_memory_size,assembly/sdk/system/get_memory_size,
00118bb0,init_tlb,assembly/sdk/interrupts/init_tlb,
00118bc0,clear_core_global,runtime/state/clear_core_global,ClearCoreGlobal
00118bd0,v_sync,sdk/library/v_sync,
00118c60,VSync2,sdk/library/VSync2,
00118d08,write,sdk/library/write,
00118d88,read,sdk/library/read,
00118e00,return_minus_one,runtime/status/return_minus_one,ReturnMinusOne
00118e08,return_minus_one_at_00118e08,runtime/status/return_minus_one_at_00118e08,ReturnMinusOneAt00118E08
00118e10,sbrk,assembly/sdk/library/sbrk,
00118ec0,return_success_code,runtime/status/return_success_code,ReturnSuccessCode
00118ec8,initialize_object,runtime/objects/initialize_object,InitializeObject
00118ee0,scesdc,assembly/sdk/library/scesdc,
00118f88,synchronize_cache_range,runtime/cache/synchronize_cache_range,
00119028,disable_intc,runtime/interrupts/disable_intc,
00119090,enable_intc,runtime/interrupts/enable_intc,
001190f8,disable_dmac,runtime/dma/disable_dmac,
00119160,enable_dmac,runtime/dma/enable_dmac,
001191c8,topThread,sdk/library/topThread,
001192a0,InitThread,sdk/library/InitThread,
00119378,i_wakeup_thread,assembly/sdk/library/i_wakeup_thread,
00119418,sce_deci2_open,sdk/debug/sce_deci2_open,
00119468,call_debug_character,runtime/debug/call_debug_character,
00119498,sce_deci2_poll,sdk/debug/sce_deci2_poll,
001194c0,sce_deci2_ex_recv,sdk/debug/sce_deci2_ex_recv,
001194f8,sce_deci2_ex_send,sdk/debug/sce_deci2_ex_send,
00119540,kputs,sdk/debug/kputs,
00119568,init_block,runtime/memory/init_block,InitBlockFn
00119590,queue_peek_write_done,sdk/rpc/queue_peek_write_done,
001195d0,queue_peek_read_done,sdk/rpc/queue_peek_read_done,
00119610,sce_tty_handler,assembly/sdk/debug/sce_tty_handler,
001197a8,sce_tty_write,assembly/sdk/debug/sce_tty_write,
001198f8,sce_tty_read,sdk/debug/sce_tty_read,
001199c8,sce_tty_init,sdk/debug/sce_tty_init,
00119a88,kputchar,sdk/debug/kputchar,
00119ac0,deci2_putchar,sdk/debug/deci2_putchar,
00119b70,serial_putchar,sdk/debug/serial_putchar,
00119ba8,ftoi,sdk/debug/ftoi,
00119c38,printfloat,assembly/sdk/debug/printfloat,
00119da0,printf_impl,assembly/sdk/debug/printf_impl,
0011a390,kprintf,sdk/debug/kprintf,
0011a3c8,sce_printf,sdk/debug/sce_printf,
0011a458,lookup_index,runtime/data/lookup_index,LookupIndex
0011a480,sce_sif_init_cmd,assembly/sdk/rpc/sce_sif_init_cmd,
0011a700,sce_sif_exit_cmd,sdk/rpc/sce_sif_exit_cmd,
0011a738,sce_sif_add_cmd_handler,sdk/rpc/sce_sif_add_cmd_handler,
0011a768,sce_sif_remove_cmd_handler,sdk/rpc/sce_sif_remove_cmd_handler,
0011a790,sce_sif_send_cmd,sdk/rpc/sce_sif_send_cmd,
0011a8c8,sce_sif_send_cmd_public,sdk/rpc/sce_sif_send_cmd_public,
0011a908,isce_sif_send_cmd,sdk/rpc/isce_sif_send_cmd,
0011a948,sce_sif_cmd_intr_hdlr,assembly/sdk/rpc/sce_sif_cmd_intr_hdlr,
0011aa70,sce_sif_write_back_d_cache,assembly/sdk/rpc/sce_sif_write_back_d_cache,
0011ab20,sce_sif_init_rpc,sdk/rpc/sce_sif_init_rpc,
0011acc0,initialize_rpc_command,runtime/rpc/initialize_rpc_command,
0011ace8,get_available_rpc_packet,runtime/rpc/get_available_rpc_packet,
0011ad90,clear_state_bits,runtime/state/clear_state_bits,Func0011AD90
0011adb0,get_rpc_packet,sdk/rpc/get_rpc_packet,
0011ade0,request_end,sdk/rpc/request_end,
0011ae98,request_rdata,sdk/rpc/request_rdata,
0011aef8,search_svdata,sdk/storage/memory_card/search_svdata,
0011af48,request_bind,sdk/rpc/request_bind,
0011aff8,sce_sif_bind_rpc,sdk/rpc/sce_sif_bind_rpc,
0011b1c8,sce_sif_call_rpc,sdk/rpc/sce_sif_call_rpc,
0011b3b8,sce_sif_check_stat_rpc,sdk/rpc/sce_sif_check_stat_rpc,
0011b410,sce_fs_iob_sema_mk,sdk/library/sce_fs_iob_sema_mk,
0011b470,new_iob,sdk/library/new_iob,
0011b4f8,get_iob,sdk/library/get_iob,
0011b568,_sceFs_Rcv_Intr,assembly/sdk/library/_sceFs_Rcv_Intr,
0011b8f0,scefsseminit,sdk/library/scefsseminit,
0011b940,_sceFsWaitS,sdk/library/_sceFsWaitS,
0011b970,read_queue_status,runtime/queues/read_queue_status,
0011b9b0,sceFsInit,assembly/sdk/library/sceFsInit,
0011bbb8,fun_0011bbb8,textbin/fun_0011bbb8,
0011bc48,sceFsReset,sdk/library/sceFsReset,
0011bc80,sceopen,assembly/sdk/library/sceopen,
0011bf08,sceClose,sdk/library/sceClose,
0011c088,sce_lseek,assembly/sdk/library/sce_lseek,
0011c2c0,sceRead,assembly/sdk/library/sceRead,
0011c520,scewrite,assembly/sdk/library/scewrite,
0011c840,sce_sif_init_iop_heap,sdk/rpc/sce_sif_init_iop_heap,
0011c8c8,sce_sif_alloc_iop_heap,sdk/rpc/sce_sif_alloc_iop_heap,
0011c938,free_sif_system_memory,runtime/rpc/free_sif_system_memory,
0011c9b0,invoke_state_initializer,runtime/state/invoke_state_initializer,
0011c9e0,lf_bind,sdk/rpc/lf_bind,
0011cae0,fun_0011cae0,textbin/fun_0011cae0,
0011cb70,sce_sif_load_module_buffer,sdk/rpc/sce_sif_load_module_buffer,
0011cd78,invoke_iop_status,runtime/iop/invoke_iop_status,
0011cdd0,sce_sif_reset_iop,sdk/rpc/sce_sif_reset_iop,
0011cf10,sce_sif_sync_iop,sdk/rpc/sce_sif_sync_iop,
0011cf48,sce_sif_reboot_iop,sdk/rpc/sce_sif_reboot_iop,
0011d060,invoke_kernel_syscall_005a_rfu,assembly/sdk/syscalls/invoke_kernel_syscall_005a_rfu,
0011d0a8,rfu_091_early,assembly/sdk/syscalls/rfu_091_early,
0011d0b8,rfu_116_set_syscall_early,assembly/sdk/syscalls/rfu_116_set_syscall_early,
0011d0c8,init_tlb_functions,sdk/library/init_tlb_functions,
0011d190,rfu_086_wait_event_flag,assembly/sdk/syscalls/rfu_086_wait_event_flag,
0011d1a0,init_tlb,sdk/library/init_tlb,
0011d1e0,init_tlb32_mb,assembly/sdk/library/init_tlb32_mb,
0011d660,DIntr,sdk/library/DIntr,
0011d6a8,enable_interrupts,sdk/interrupts/enable_interrupts,
0011d6c0,supplement_crt0,sdk/library/supplement_crt0,
0011d708,kernel_copy_rdata,sdk/system/kernel_copy_rdata,
0011d740,find_kernel_address,sdk/system/find_kernel_address,
0011d780,invoke_kernel_syscall_0083_rfu,assembly/sdk/syscalls/invoke_kernel_syscall_0083_rfu,
0011d798,InitSystemCallTableAddress,sdk/library/InitSystemCallTableAddress,
0011d898,rfu_116_set_syscall_mid,assembly/sdk/syscalls/rfu_116_set_syscall_mid,
0011d8a8,_InitSys,sdk/library/_InitSys,
0011d8e8,rfu_116_set_syscall_late,assembly/sdk/syscalls/rfu_116_set_syscall_late,
0011d8f8,invoke_kernel_syscall_005a_rfu_worker,assembly/sdk/syscalls/invoke_kernel_syscall_005a_rfu_worker,
0011d940,rfu_091_mid,assembly/sdk/syscalls/rfu_091_mid,
0011d950,PatchIsNeeded,sdk/library/PatchIsNeeded,
0011d9b8,InitExecPS2,sdk/library/InitExecPS2,
0011da98,jump_to_rfu_dispatch,assembly/sdk/syscalls/jump_to_rfu_dispatch,
0011daa0,rfu_dispatch_entry,assembly/sdk/syscalls/rfu_dispatch_entry,
0011dad0,rfu_116_set_syscall_tail,assembly/sdk/syscalls/rfu_116_set_syscall_tail,
0011dae0,invoke_kernel_syscall_005a_rfu_tail,assembly/sdk/syscalls/invoke_kernel_syscall_005a_rfu_tail,
0011db28,rfu_091_tail,assembly/sdk/syscalls/rfu_091_tail,
0011db38,init_alarm,sdk/library/init_alarm,
0011dc18,run_global_constructors,runtime/startup/run_global_constructors,
0011dcc8,update_rfu_dispatch_state,assembly/sdk/syscalls/update_rfu_dispatch_state,
0011dce8,__divdi3,sdk/library/__divdi3,
0011e3d8,__fixunsdfdi,sdk/library/__fixunsdfdi,
0011e4c8,__floatdidf,sdk/library/__floatdidf,
0011e560,moddi3,sdk/library/moddi3,
0011ebc8,__muldi3,sdk/library/__muldi3,
0011ec28,udivdi3,sdk/library/udivdi3,
0011f1f8,umoddi3,sdk/library/umoddi3,
0011f738,__pack_d,sdk/library/__pack_d,
0011f868,unpack_d,sdk/library/unpack_d,
0011f908,fpadd_parts,sdk/library/fpadd_parts,
0011fb48,dpadd,sdk/library/dpadd,
0011fba0,dpsub,sdk/library/dpsub,
0011fc08,dpmul,sdk/library/dpmul,
0011feb0,dpdiv,sdk/library/dpdiv,
00120018,fpcmp_parts_d,sdk/library/fpcmp_parts_d,
00120130,dpcmp,sdk/library/dpcmp,
00120180,litodp,sdk/library/litodp,
00120238,dptoli,sdk/library/dptoli,
001202d0,dptoul,sdk/library/dptoul,
00120370,__make_dp,sdk/library/__make_dp,
001203b0,__unpack_f,sdk/library/__unpack_f,
00120478,fptodp,sdk/library/fptodp,
001204b8,fun_001204b8,assembly/textbin/fun_001204b8,
00120558,fun_00120558,assembly/textbin/fun_00120558,
00120610,sceCdDelayThread,sdk/library/sceCdDelayThread,
00120678,sceCdCallback,sdk/library/sceCdCallback,
001206d8,handle_cd_read_callback,storage/cd/handle_cd_read_callback,
00120828,cmd_sem_init,sdk/library/cmd_sem_init,
001208c0,cdvd_exit,sdk/library/cdvd_exit,
001209a0,PowerOffCB,sdk/library/PowerOffCB,
00120a28,fun_00120a28,assembly/textbin/fun_00120a28,
00120b98,sceCdNcmdDiskReady,sdk/library/sceCdNcmdDiskReady,
00120c30,scecdsync,sdk/library/scecdsync,
00120cd0,sceCdSyncS,sdk/library/sceCdSyncS,
00120d40,fun_00120d40,assembly/textbin/fun_00120d40,
00120eb0,sceCdInit,assembly/sdk/library/sceCdInit,
00121190,fun_00121190,assembly/textbin/fun_00121190,
00121388,scecdmmode,sdk/library/scecdmmode,
00121450,sceCdRead,assembly/sdk/library/sceCdRead,
00121630,sceCdGetError,sdk/library/sceCdGetError,
001216c8,scecdbreak,sdk/library/scecdbreak,
00121780,scecdreadclock,sdk/library/scecdreadclock,
00121878,sce_gs_reset_graph,sdk/dma/sce_gs_reset_graph,
00121a08,get_core_data_table,runtime/data/get_core_data_table,
00121a18,checkModelVersion,sdk/library/checkModelVersion,
00121ab8,invoke_kernel_syscall_0080,assembly/sdk/syscalls/invoke_kernel_syscall_0080,
00121ac8,sce_gs_set_def_disp_env,assembly/sdk/dma/sce_gs_set_def_disp_env,
00121e40,sce_gs_put_disp_env,sdk/dma/sce_gs_put_disp_env,
00121f00,sce_gszbufaddr,sdk/dma/sce_gszbufaddr,
00121fc8,sce_gs_set_def_draw_env,sdk/dma/sce_gs_set_def_draw_env,
001221b0,sce_gs_put_draw_env,sdk/dma/sce_gs_put_draw_env,
00122298,sce_gs_sync_v,sdk/dma/sce_gs_sync_v,
00122330,sce_gs_set_def_load_image,assembly/sdk/dma/sce_gs_set_def_load_image,
00122658,sce_gs_exec_load_image,assembly/sdk/dma/sce_gs_exec_load_image,
00122e68,sce_gs_sync_v_callback,sdk/dma/sce_gs_sync_v_callback,
00122f08,wait_dma,sdk/dma/wait_dma,
00122f80,check_address,sdk/system/check_address,
00122fa8,memclr,sdk/library/memclr,
00122fe0,sce_dma_get_chan,sdk/dma/sce_dma_get_chan,
00123008,sce_dma_reset,sdk/dma/sce_dma_reset,
001230e8,sce_dma_put_env,assembly/sdk/dma/sce_dma_put_env,
001232c8,sce_dma_send,sdk/dma/sce_dma_send,
00123350,sce_dma_pause,sdk/dma/sce_dma_pause,
001233f0,sce_mc_init,sdk/storage/memory_card/sce_mc_init,
001235b0,sce_mc_open,sdk/storage/memory_card/sce_mc_open,
001236d8,sce_mc_mkdir,sdk/storage/memory_card/sce_mc_mkdir,
00123710,sce_mc_close,sdk/storage/memory_card/sce_mc_close,
001237c8,sce_mc_seek,sdk/storage/memory_card/sce_mc_seek,
00123930,sce_mc_read,sdk/storage/memory_card/sce_mc_read,
00123a48,sce_mc_write,sdk/storage/memory_card/sce_mc_write,
00123bc0,fun_00123bc0,assembly/textbin/fun_00123bc0,
00123be8,mc_delay_thread,sdk/storage/memory_card/mc_delay_thread,
00123c30,sce_mc_sync,sdk/storage/memory_card/sce_mc_sync,
00123d68,sce_mc_get_info,sdk/storage/memory_card/sce_mc_get_info,
00123ef0,sce_mc_get_dir,sdk/storage/memory_card/sce_mc_get_dir,
00124038,mce_store_pwd,sdk/storage/memory_card/mce_store_pwd,
001240c0,sce_mc_chdir,sdk/storage/memory_card/sce_mc_chdir,
00124200,sce_mc_format,sdk/storage/memory_card/sce_mc_format,
001242d0,sce_mc_delete,sdk/storage/memory_card/sce_mc_delete,
001243e8,sce_mc_unformat,sdk/storage/memory_card/sce_mc_unformat,
001244b8,sce_dbc_get_mod_version,sdk/library/sce_dbc_get_mod_version,
00124510,sceDbcInit,sdk/library/sceDbcInit,
001246a8,sceDbcSetWorkAddr,sdk/library/sceDbcSetWorkAddr,
00124718,sceDbcCreateSocket,sdk/library/sceDbcCreateSocket,
001247e0,sceDbcGetDepNumber,sdk/library/sceDbcGetDepNumber,
00124930,scedbcreceivedata,sdk/library/scedbcreceivedata,
00124a20,debug_print_stub,runtime/debug/debug_print_stub,
00124a48,sce_pad2_init,sdk/input/sce_pad2_init,
00124a88,sce_pad2_create_socket,sdk/input/sce_pad2_create_socket,
00124bd8,sce_pad2_read,sdk/input/sce_pad2_read,
00124cb0,sce_pad2_get_button_profile,sdk/input/sce_pad2_get_button_profile,
00124da0,sce_pad2_get_state,sdk/input/sce_pad2_get_state,
00124ee0,sce_pad2_link_driver,sdk/input/sce_pad2_link_driver,
00124f38,sce_pad2_get_side,sdk/input/sce_pad2_get_side,
00124fa0,sce_pad2_check_dma,sdk/input/sce_pad2_check_dma,
00125020,sce_pad2_set_button_order,sdk/input/sce_pad2_set_button_order,
001250d8,sce_vib_get_profile,sdk/input/sce_vib_get_profile,
00125218,sce_vu0_unit_matrix,assembly/sdk/library/sce_vu0_unit_matrix,
00125240,scevu0ecossin,assembly/sdk/library/scevu0ecossin,
00125360,sce_vu0_rot_matrix_x,assembly/sdk/math/rotations/sce_vu0_rot_matrix_x,
00125408,sce_vu0_rot_matrix_y,assembly/sdk/math/rotations/sce_vu0_rot_matrix_y,
001254f0,_motionComp0,assembly/sdk/library/_motionComp0,
00125740,_getAllRefs,assembly/sdk/library/_getAllRefs,
00125e48,_getRef0,assembly/sdk/library/_getRef0,
00126268,domc,assembly/sdk/library/domc,
00126488,domc_mmi,assembly/sdk/library/domc_mmi,
00127238,ipu_set_mpeg1,sdk/video/ipu/ipu_set_mpeg1,
00127260,wait_bdec_out,sdk/dma/wait_bdec_out,
00127460,initialize_memory_card_directory,storage/memory_card/initialize_memory_card_directory,
00127480,dual_prime_vector,sdk/library/dual_prime_vector,
00127608,mb_address_increment,sdk/library/mb_address_increment,
00127718,_pictureData0,sdk/library/_pictureData0,
00127820,slicea0,sdk/library/slicea0,
00127950,_slice0,sdk/library/_slice0,
00127b40,skip_mb0,sdk/library/skip_mb0,
00127c00,_decMB0,sdk/library/_decMB0,
001280a8,fun_001280a8,textbin/fun_001280a8,
00128130,motion_vectors,sdk/library/motion_vectors,
001282d0,motion_vector,sdk/library/motion_vector,
00128420,send_ipu_command,sdk/video/ipu/send_ipu_command,
00128450,wait_ipu_idle,sdk/dma/wait_ipu_idle,
001284f8,wait_ipu_idle64,sdk/dma/wait_ipu_idle64,
001285a8,ipu_vdec,sdk/dma/ipu_vdec,
00128720,_peepBit,sdk/library/_peepBit,
00128828,_flushBuf,sdk/library/_flushBuf,
00128918,nextbit,sdk/library/nextbit,
00128a68,nextstartcode,sdk/library/nextstartcode,
00128ae8,_sliceB,sdk/library/_sliceB,
00128b50,next_header,sdk/library/next_header,
00128c60,picture_header,sdk/library/picture_header,
00128d28,_extensionAndUserData,assembly/sdk/library/_extensionAndUserData,
00128e50,picturecodingextension,sdk/library/picturecodingextension,
00129040,extrainfo,sdk/library/extrainfo,
00129088,update_temp_track_data,sdk/library/update_temp_track_data,
00129100,_groupOfPicturesHeader,sdk/library/_groupOfPicturesHeader,
001291a0,_quantMatrixExtension,sdk/library/_quantMatrixExtension,
00129268,picture_display_extension,sdk/library/picture_display_extension,
00129360,_copyrightExtension,sdk/library/_copyrightExtension,
001293f0,decpicture,sdk/library/decpicture,
001294c0,outputframe,sdk/library/outputframe,
00129550,_updateRefImage,assembly/sdk/library/_updateRefImage,
00129808,is_out_size_ok,sdk/library/is_out_size_ok,
001298a8,cpr8,sdk/library/cpr8,
00129b60,_getPtsDtsFlags,assembly/sdk/library/_getPtsDtsFlags,
00129cf0,_dispRefImage,sdk/library/_dispRefImage,
00129e00,disprefimagefield,assembly/sdk/library/disprefimagefield,
00129fb8,dma_ref_image,assembly/sdk/dma/dma_ref_image,
0012a128,receive_data_from_ipu,sdk/dma/receive_data_from_ipu,
0012a1b0,do_csc,sdk/dma/do_csc,
0012a418,do_csc2,assembly/sdk/dma/do_csc2,
0012a6a8,csc_store_ref_image,assembly/sdk/dma/csc_store_ref_image,
0012a930,sysbit_init,sdk/system/sysbit_init,
0012a968,sign_extend_packed_value,math/sign_extend_packed_value,
0012a988,sysbit_flush,sdk/debug/sysbit_flush,
0012aa20,sysbit_get,sdk/debug/sysbit_get,
0012aa70,sysbit_marker,sdk/debug/sysbit_marker,
0012aab8,sysbit_jump,sdk/system/sysbit_jump,
0012ab10,get_sysbit_pointer,sdk/system/get_sysbit_pointer,
0012ab40,type2id,sdk/library/type2id,
0012abd0,sce_mpeg_demux_pss_ring,assembly/sdk/dma/sce_mpeg_demux_pss_ring,
0012aec8,sce_mpeg_add_str_callback,sdk/dma/sce_mpeg_add_str_callback,
0012afc0,_pack_header,sdk/library/_pack_header,
0012b110,system_header,sdk/library/system_header,
0012b180,_PES_packet,assembly/sdk/library/_PES_packet,
0012b730,sce_mpeg_init,sdk/dma/sce_mpeg_init,
0012b7d8,sce_mpeg_create,assembly/sdk/dma/sce_mpeg_create,
0012b9e0,return_success_at_0012b9e0,runtime/status/return_success_at_0012b9e0,ReturnSuccessAt0012B9E0
0012b9f0,sce_mpeg_get_picture,sdk/dma/sce_mpeg_get_picture,
0012ba48,get_nested_object_value,runtime/objects/get_nested_object_value,Func0012BA48
0012ba58,is_nested_object_field_zero,runtime/objects/is_nested_object_field_zero,Func0012BA58
0012ba68,sce_mpeg_reset,sdk/dma/sce_mpeg_reset,
0012bab8,clear_mpeg_reference_buffer,sdk/video/ipu/clear_mpeg_reference_buffer,
0012bb10,add_mpeg_callback,sdk/video/ipu/add_mpeg_callback,
0012bb38,dispatch_mpeg_callback,sdk/dma/dispatch_mpeg_callback,
0012bb88,dispatch_mpeg_cb_nodata,sdk/dma/dispatch_mpeg_cb_nodata,
0012bbe8,initialize_state_record,runtime/state/initialize_state_record,
0012bc00,copy_object_field_forward,runtime/objects/copy_object_field_forward,Func0012BC00
0012bc10,copy_object_field_backward,runtime/objects/copy_object_field_backward,Func0012BC10
0012bc20,reserve_aligned_buffer_space,runtime/memory/reserve_aligned_buffer_space,
0012bc90,_getpic,sdk/library/_getpic,
0012be00,_decodeOrSkipFrame,sdk/library/_decodeOrSkipFrame,
0012bf18,_decodeOrSkip,sdk/library/_decodeOrSkip,
0012bf60,_decodeOrSkipField,sdk/library/_decodeOrSkipField,
0012c0c0,sce_mpeg_flush,sdk/dma/sce_mpeg_flush,
0012c128,set_image_buffer_flag,rendering/image/set_image_buffer_flag,
0012c138,_lastFrame,sdk/library/_lastFrame,
0012c1b8,clearonce,sdk/library/clearonce,
0012c218,_clearEach,sdk/library/_clearEach,
0012c2e0,jump_to_image_setup,rendering/image/jump_to_image_setup,
0012c2f0,error1,sdk/library/error1,
0012c328,_Error,sdk/library/_Error,
0012c380,initialize_reference_image,sdk/library/initialize_reference_image,
0012c3a0,sequenceheader,assembly/sdk/library/sequenceheader,
0012c770,init_ref_images,assembly/sdk/library/init_ref_images,
0012c850,setdefaultqm,assembly/sdk/library/setdefaultqm,
0012c930,sequence_extension,sdk/library/sequence_extension,
0012ca60,_sequenceDisplayExtension,sdk/library/_sequenceDisplayExtension,
0012cb50,set_d3_chcr,sdk/dma/set_d3_chcr,
0012cbb8,set_d4_chcr,sdk/dma/set_d4_chcr,
0012cd08,sce_ipu_restart_dma,sdk/dma/sce_ipu_restart_dma,
0012ce58,sce_ipu_sync,sdk/video/ipu/sce_ipu_sync,
0012cec0,set_d4_chcr_variant,sdk/dma/set_d4_chcr_variant,
0012cf28,sce_ipu_init,assembly/sdk/dma/sce_ipu_init,
0012d160,GetRomName,sdk/library/GetRomName,
0012d200,is_t10_k,sdk/library/is_t10_k,
0012d240,sce_scf_get_language,sdk/debug/sce_scf_get_language,
0012d2b0,sce_scf_get_time_zone,sdk/debug/sce_scf_get_time_zone,
0012d308,sce_scf_get_summer_time,sdk/debug/sce_scf_get_summer_time,
0012d370,time_to_bcd,sdk/time/time_to_bcd,
0012d3a0,bcd_to_time,sdk/time/bcd_to_time,
0012d3c0,decode_bcd_time_fields,runtime/time/decode_bcd_time_fields,
0012d428,encode_bcd_time_fields,runtime/time/encode_bcd_time_fields,
0012d490,adddate,sdk/library/adddate,
0012d548,subdate,sdk/library/subdate,
0012d5f0,addhour,sdk/time/addhour,
0012d620,subhour,sdk/time/subhour,
0012d648,adjust_time,sdk/debug/adjust_time,
0012d6d8,sce_scf_get_local_timefrom_rtc,sdk/debug/sce_scf_get_local_timefrom_rtc,
0012d728,entry,assembly/sdk/library/entry,
0012d8e8,jump_to_rfu_status,assembly/sdk/syscalls/jump_to_rfu_status,
0012d8f8,parse_bin,assembly/textbin/gameplay/state/parse_bin,
0012d9d8,run_game_main_loop,gameplay/state/run_game_main_loop,
0012da28,snd_start_sound_system,assembly/textbin/audio/snd_start_sound_system,
0012dc80,snd_flush_sound_commands,assembly/textbin/audio/snd_flush_sound_commands,
0012de70,snd_got_returns,audio/snd_got_returns,
0012def8,store_object_index,runtime/objects/store_object_index,
0012df20,snd_bank_load_by_loc,assembly/textbin/audio/banks/snd_bank_load_by_loc,
0012e088,snd_bank_load_from_ee_cb,assembly/textbin/audio/banks/snd_bank_load_from_ee_cb,
0012e1a8,snd_resolve_bank_xrefs,audio/banks/snd_resolve_bank_xrefs,
0012e1d8,snd_unload_bank,audio/banks/snd_unload_bank,
0012e208,snd_set_master_volume,audio/mixer/snd_set_master_volume,
0012e240,snd_set_playback_mode,audio/mixer/snd_set_playback_mode,
0012e280,snd_set_mixer_mode,audio/mixer/snd_set_mixer_mode,
0012e2b8,snd_set_group_voice_range,audio/mixer/snd_set_group_voice_range,
0012e308,snd_play_sound_vol_pan_pmpb,audio/voices/snd_play_sound_vol_pan_pmpb,
0012e368,snd_stop_sound,audio/voices/snd_stop_sound,
0012e3b8,snd_stop_all_sounds,audio/voices/snd_stop_all_sounds,
0012e3e8,snd_pause_all_sounds_in_group,audio/voices/snd_pause_all_sounds_in_group,
0012e418,snd_continue_all_sounds_in_group,audio/voices/snd_continue_all_sounds_in_group,
0012e448,snd_sound_is_still_playing_cb,audio/voices/snd_sound_is_still_playing_cb,
0012e4c0,snd_set_sound_params_cb,audio/voices/snd_set_sound_params_cb,
0012e548,snd_send_iop_command_and_wait,assembly/textbin/audio/rpc/snd_send_iop_command_and_wait,
0012e6e0,snd_send_iop_command_no_wait,assembly/textbin/audio/rpc/snd_send_iop_command_no_wait,
0012e9a0,snd_post_message,audio/rpc/snd_post_message,
0012e9d8,snd_send_current_batch,assembly/textbin/audio/rpc/snd_send_current_batch,
0012eaf0,read_global_table_entry,runtime/data/read_global_table_entry,
0012eb00,snd_reset_state_and_flush_commands,audio/rpc/snd_reset_state_and_flush_commands,
0012eb20,snd_init_vag_streaming_ex,audio/streaming/snd_init_vag_streaming_ex,
0012ebd0,snd_stop_all_streams,audio/streaming/snd_stop_all_streams,
0012ec08,snd_play_vag_stream_by_loc_ex_cb,assembly/textbin/audio/streaming/snd_play_vag_stream_by_loc_ex_cb,
0012ec70,snd_pause_vag_stream,audio/streaming/snd_pause_vag_stream,
0012eca0,snd_continue_vag_stream,audio/streaming/snd_continue_vag_stream,
0012ecd0,snd_get_vag_stream_time_remaining_cb,audio/streaming/snd_get_vag_stream_time_remaining_cb,
0012ed00,snd_is_vag_stream_buffered_cb,audio/streaming/snd_is_vag_stream_buffered_cb,
0012ed30,snd_stream_safe_check_cd_idle,audio/streaming/snd_stream_safe_check_cd_idle,
0012ed58,snd_stream_safe_cd_read,audio/streaming/snd_stream_safe_cd_read,
0012ee08,snd_stream_safe_cd_sync,audio/streaming/snd_stream_safe_cd_sync,
0012eea8,snd_stream_safe_cd_break,audio/streaming/snd_stream_safe_cd_break,
0012eef0,snd_stream_safe_cd_get_error,audio/streaming/snd_stream_safe_cd_get_error,
0012ef28,snd_stream_safe_cd_callback,audio/streaming/snd_stream_safe_cd_callback,
0012ef68,snd_set_reverb_ex,audio/effects/snd_set_reverb_ex,
0012efa8,snd_pre_alloc_reverb_work_area,audio/effects/snd_pre_alloc_reverb_work_area,
0012efe0,snd_auto_reverb,audio/effects/snd_auto_reverb,
0012f068,snd_init_movie_sound,audio/movie/snd_init_movie_sound,
0012f0a8,snd_reset_movie_sound,audio/movie/snd_reset_movie_sound,
0012f0e0,snd_close_movie_sound,audio/movie/snd_close_movie_sound,
0012f108,snd_start_movie_sound,audio/movie/snd_start_movie_sound,
0012f148,snd_update_movie_adpcm,audio/movie/snd_update_movie_adpcm,
0012f178,snd_get_movie_nax,audio/movie/snd_get_movie_nax,
0012f1a0,compute_sector_index,assembly/math/compute_sector_index,
0012f208,wad_get_sectors,storage/wad/wad_get_sectors,
0012f2b8,load_disc_sectors_into_global_buffer,storage/cd/load_disc_sectors_into_global_buffer,
0012f368,read_file_entry_with_retry,storage/cd/read_file_entry_with_retry,
001e9128,initialize_streaming_state,runtime/dma/initialize_streaming_state,
001e9168,load_pif_as_psmt8_h,assembly/textbin/rendering/texture/load_pif_as_psmt8_h,
001e9338,load_debug_font,ui/fonts/load_debug_font,
001e93b0,debug_print,sdk/debug/debug_print,
001e93e8,noop_main_callback,runtime/callbacks/noop_main_callback,NoOpMainCallback
001e93f0,noop_callback_a,rendering/callbacks/noop_callback_a,Func001E93F0
001e93f8,noop_callback_b,rendering/callbacks/noop_callback_b,Func001E93F8
001e9400,noop_callback_c,rendering/callbacks/noop_callback_c,Func001E9400
001e9408,noop_callback_d,rendering/callbacks/noop_callback_d,Func001E9408
001e9410,noop_callback_e,rendering/callbacks/noop_callback_e,Func001E9410
001e9418,noop_callback_f,rendering/callbacks/noop_callback_f,Func001E9418
001e9420,noop_callback_g,rendering/callbacks/noop_callback_g,Func001E9420
001e9428,noop_callback_h,rendering/callbacks/noop_callback_h,Func001E9428
001e9430,noop_callback_i,rendering/callbacks/noop_callback_i,Func001E9430
001e9438,noop_callback_j,rendering/callbacks/noop_callback_j,Func001E9438
001e9440,noop_callback_k,rendering/callbacks/noop_callback_k,Func001E9440
001e9448,noop_callback_l,rendering/callbacks/noop_callback_l,Func001E9448
001e9450,noop_callback_m,rendering/callbacks/noop_callback_m,Func001E9450
001e9458,noop_callback_n,rendering/callbacks/noop_callback_n,Func001E9458
001e9460,noop_callback_o,rendering/callbacks/noop_callback_o,Func001E9460
001e9468,noop_callback_p,rendering/callbacks/noop_callback_p,Func001E9468
001e9470,noop_callback_q,rendering/callbacks/noop_callback_q,Func001E9470
001e9478,noop_callback_r,rendering/callbacks/noop_callback_r,Func001E9478
001e9480,noop_callback_s,rendering/callbacks/noop_callback_s,Func001E9480
001e9488,fun_001e9488,assembly/textbin/fun_001e9488,
001e9658,startlevel,assembly/textbin/world/startlevel,
001e9ab8,transition_draw_sky,gameplay/state/transition_draw_sky,
001e9b10,fun_001e9b10,assembly/textbin/fun_001e9b10,
001ea830,transition_load_wad,assembly/textbin/gameplay/state/transition_load_wad,
001eaf50,queue_dma_transfer,assembly/runtime/dma/queue_dma_transfer,
001eaf88,transition_update_movie_camera,assembly/textbin/gameplay/camera/transition_update_movie_camera,
001eb0a8,fun_001eb0a8,assembly/textbin/fun_001eb0a8,
001eb410,transition_default_draw,gameplay/state/transition_default_draw,
001eb740,is_active_state_entry,gameplay/state/is_active_state_entry,
001eb798,transition_do_transition,assembly/textbin/gameplay/state/transition_do_transition,
001eb9d0,sub_001eb9d0,assembly/textbin/sub_001eb9d0,
001ebb00,sub_001ebb00,assembly/textbin/sub_001ebb00,
001ebbf8,sub_001ebbf8,assembly/textbin/sub_001ebbf8,
001ebc08,sub_001ebc08,assembly/textbin/sub_001ebc08,
001ebc90,backup_current_cam,gameplay/camera/backup_current_cam,
001ebcf0,execute_camera_post_update_callbacks,gameplay/camera/execute_camera_post_update_callbacks,
001ebd78,cam_interp_values,textbin/gameplay/camera/cam_interp_values,
001ebe68,handle_camera_collision_with_hero,textbin/gameplay/camera/handle_camera_collision_with_hero,
001ebec8,update_moby,gameplay/entities/update_moby,
001ebf10,fun_001ebf10,assembly/textbin/fun_001ebf10,
001ec210,camera_activation_check_priority,assembly/textbin/gameplay/camera/camera_activation_check_priority,
001ec3d8,draw_moby,rendering/entities/draw_moby,
001ec420,update_all_cameras,textbin/gameplay/camera/update_all_cameras,
001ec530,fun_001ec530,assembly/textbin/fun_001ec530,
001ec710,fun_001ec710,assembly/textbin/fun_001ec710,
001ec7f0,fun_001ec7f0,assembly/textbin/fun_001ec7f0,
001ec868,fun_001ec868,assembly/textbin/fun_001ec868,
001ec8a0,fun_001ec8a0,assembly/textbin/fun_001ec8a0,
001ecaf8,fun_001ecaf8,assembly/textbin/fun_001ecaf8,
001eccd8,fun_001eccd8,assembly/textbin/fun_001eccd8,
001ed2b0,fun_001ed2b0,assembly/textbin/fun_001ed2b0,
001ed360,fun_001ed360,assembly/textbin/fun_001ed360,
001ed470,fun_001ed470,assembly/textbin/fun_001ed470,
001ed7f0,fun_001ed7f0,assembly/textbin/fun_001ed7f0,
001ed940,fun_001ed940,textbin/fun_001ed940,
001eda60,fun_001eda60,textbin/fun_001eda60,
001edaa8,fun_001edaa8,assembly/textbin/fun_001edaa8,
001edc50,fun_001edc50,assembly/textbin/fun_001edc50,
001ee008,fun_001ee008,assembly/textbin/fun_001ee008,
001ee338,fun_001ee338,assembly/textbin/fun_001ee338,
001ee4b0,fun_001ee4b0,assembly/textbin/fun_001ee4b0,
001ee650,fun_001ee650,assembly/textbin/fun_001ee650,
001ef9c8,fun_001ef9c8,assembly/textbin/fun_001ef9c8,
001efa68,fun_001efa68,assembly/textbin/fun_001efa68,
001f0b58,fun_001f0b58,assembly/textbin/fun_001f0b58,
001f0b88,clear_dma_queue_entry,runtime/dma/clear_dma_queue_entry,
001f0bd0,fun_001f0bd0,textbin/fun_001f0bd0,
001f0c50,fun_001f0c50,assembly/textbin/fun_001f0c50,
001f2070,fun_001f2070,assembly/textbin/fun_001f2070,
001f21b0,noop_core_callback,runtime/callbacks/noop_core_callback,NoOpCoreCallback
001f21b8,noop_core_callback_secondary,runtime/callbacks/noop_core_callback_secondary,NoOpCoreCallbackSecondary
001f21c0,fun_001f21c0,textbin/fun_001f21c0,
001f2260,fun_001f2260,assembly/textbin/fun_001f2260,
001f2588,update_fog,assembly/textbin/rendering/update_fog,
001f2690,parse_occlusion_grid,assembly/textbin/rendering/parse_occlusion_grid,
001f2768,get_occlusion_grid_from_pair,rendering/get_occlusion_grid_from_pair,
001f2820,build_occlusion_visibility,assembly/textbin/rendering/build_occlusion_visibility,
001f2c10,update_occlusion,rendering/update_occlusion,
001f2c60,init_view_context,assembly/textbin/rendering/view/init_view_context,
001f2d98,update_view_context,assembly/textbin/rendering/view/update_view_context,
001f33b8,fun_001f33b8,assembly/textbin/fun_001f33b8,
001f34e8,set_pal_mode,assembly/textbin/video/display/set_pal_mode,
001f37e8,reset_callback_registries,gameplay/callbacks/reset_callback_registries,
001f3868,reset_gs_registers,textbin/rendering/state/reset_gs_registers,
001f3958,reset_gs_registers_pr,textbin/rendering/state/reset_gs_registers_pr,
001f39d0,draw_debug_profiler,assembly/textbin/rendering/draw_debug_profiler,
001f4248,prepare_debug_profiler_render,rendering/debug/prepare_debug_profiler_render,
001f4280,setup_gif_paging,assembly/textbin/rendering/setup_gif_paging,
001f4398,do_gif_paging,assembly/textbin/rendering/do_gif_paging,
001f44b8,get_effect_texture,assembly/textbin/rendering/effects/get_effect_texture,
001f4600,enqueue_callback_list_1,gameplay/callbacks/enqueue_callback_list_1,
001f4650,dispatch_callback_list_1,gameplay/callbacks/dispatch_callback_list_1,
001f46c8,dispatch_callback_list_2,gameplay/callbacks/dispatch_callback_list_2,
001f4740,dispatch_callback_list_3,gameplay/callbacks/dispatch_callback_list_3,
001f47b8,enqueue_callback_list_4,gameplay/callbacks/enqueue_callback_list_4,
001f4808,dispatch_callback_list_4,gameplay/callbacks/dispatch_callback_list_4,
001f4880,fun_001f4880,assembly/textbin/fun_001f4880,
001f4a58,fade_to_black,assembly/textbin/rendering/transitions/fade_to_black,
001f4be0,fun_001f4be0,assembly/textbin/fun_001f4be0,
001f4d98,fun_001f4d98,assembly/textbin/fun_001f4d98,
001f4fb8,fun_001f4fb8,assembly/textbin/fun_001f4fb8,
001f5138,draw_fogged_fullscreen_sprite,rendering/effects/draw_fogged_fullscreen_sprite,
001f5210,emit_rgba_draw_packet,rendering/packets/emit_rgba_draw_packet,
001f52a0,draw_rect_overlay,assembly/textbin/rendering/draw_rect_overlay,
001f5450,draw_textured_quad,assembly/textbin/rendering/texture/draw_textured_quad,
001f55d8,fun_001f55d8,assembly/textbin/fun_001f55d8,
001f5808,fun_001f5808,assembly/textbin/fun_001f5808,
001f5ab0,fun_001f5ab0,assembly/textbin/fun_001f5ab0,
001f5f18,draw_ui_frame,assembly/textbin/ui/frames/draw_ui_frame,
001f6060,fun_001f6060,assembly/textbin/fun_001f6060,
001f61e8,enable_global_flag,runtime/state/enable_global_flag,EnableGlobalStateFlag
001f61f8,disable_global_flag,runtime/state/disable_global_flag,DisableGlobalStateFlag
001f6200,measure_text_width,ui/text/measure_text_width,
001f6250,measure_text_width_regular,ui/text/measure_text_width_regular,
001f6270,measure_text_width_small,ui/text/measure_text_width_small,
001f6290,measure_text_width_large,ui/text/measure_text_width_large,
001f62b0,font_print,assembly/textbin/ui/text/font_print,
001f6530,font_print_large,ui/text/font_print_large,
001f65b0,font_print_small,ui/text/font_print_small,
001f6638,process_bgm_display_text_event,assembly/textbin/audio/music/process_bgm_display_text_event,
001f6940,font_print_right,ui/text/font_print_right,
001f69d0,font_print_right_small,ui/text/font_print_right_small,
001f6a60,font_print_right_large,ui/text/font_print_right_large,
001f6af0,font_print_center,ui/text/font_print_center,
001f6b88,font_print_center_small,ui/text/font_print_center_small,
001f6c20,font_print_center_large,ui/text/font_print_center_large,
001f6cb8,fun_001f6cb8,assembly/textbin/fun_001f6cb8,
001f6fd0,fun_001f6fd0,textbin/fun_001f6fd0,
001f7090,font_print_window,assembly/textbin/ui/text/font_print_window,
001f7580,font_print_window_regular,ui/text/font_print_window_regular,
001f75f0,font_print_window_small,ui/text/font_print_window_small,
001f7668,initialize_dma_packet,runtime/dma/initialize_dma_packet,
001f76a0,fun_001f76a0,assembly/textbin/fun_001f76a0,
001f7888,fun_001f7888,assembly/textbin/fun_001f7888,
001f7978,fun_001f7978,textbin/fun_001f7978,
001f79a8,fun_001f79a8,textbin/fun_001f79a8,
001f7a30,initialize_alpha_lookup_table,rendering/texture/initialize_alpha_lookup_table,
001f7a98,fun_001f7a98,assembly/textbin/fun_001f7a98,
001f7d30,fast_draw_quad_real,assembly/textbin/fast_draw_quad_real,
001f82e4,write_setup_block,assembly/textbin/write_setup_block,
001f8364,write_gs_header,assembly/textbin/write_gs_header,
001f83a4,fun_001f83a4,assembly/textbin/fun_001f83a4,
001f89a4,fun_001f89a4,assembly/textbin/fun_001f89a4,
001f8ff0,fun_001f8ff0,assembly/textbin/fun_001f8ff0,
001f92b0,fun_001f92b0,assembly/textbin/fun_001f92b0,
001f96b0,multiply_global_factor_ed64,math/multiply_global_factor_ed64,MultiplyGlobalFactorEd64
001f96e8,multiply_global_scale,math/multiply_global_scale,MultiplyGlobalScale
001f96f8,fun_001f96f8,assembly/textbin/fun_001f96f8,
001f9730,multiply_global_factor_ed70,math/multiply_global_factor_ed70,MultiplyGlobalFactorEd70
001f9740,fast_dec_timer,assembly/textbin/fast_dec_timer,
001f9770,fun_001f9770,assembly/textbin/fun_001f9770,
001f97a0,fun_001f97a0,assembly/textbin/fun_001f97a0,
001f97b0,raise_kernel_trap,assembly/runtime/exceptions/raise_kernel_trap,
001f97c0,spin_wait,assembly/runtime/scheduling/spin_wait,
001f97e8,fill_transfer_words,assembly/runtime/memory/fill_transfer_words,
001f9810,fun_001f9810,assembly/textbin/fun_001f9810,
001f9838,fun_001f9838,assembly/textbin/fun_001f9838,
001f98d0,fun_001f98d0,assembly/textbin/fun_001f98d0,
001f98f8,fun_001f98f8,assembly/textbin/fun_001f98f8,
001f9928,write_dma_channel,assembly/runtime/dma/write_dma_channel,
001f9958,fun_001f9958,assembly/textbin/fun_001f9958,
001f9988,fun_001f9988,assembly/textbin/fun_001f9988,
001f99a8,subtract_integer_with_clamp,assembly/math/subtract_integer_with_clamp,
001f99c0,absolute_float,math/absolute_float,AbsoluteFloat
001f99c8,fun_001f99c8,assembly/textbin/fun_001f99c8,
001f99d0,fun_001f99d0,assembly/textbin/fun_001f99d0,
001f99e8,fun_001f99e8,assembly/textbin/fun_001f99e8,
001f99f8,clear_u64_value,assembly/textbin/runtime/memory/clear_u64_value,
001f9a00,fun_001f9a00,assembly/textbin/fun_001f9a00,
001f9a10,fun_001f9a10,assembly/textbin/fun_001f9a10,
001f9a28,fun_001f9a28,assembly/textbin/fun_001f9a28,
001f9a40,fun_001f9a40,assembly/textbin/fun_001f9a40,
001f9a68,fun_001f9a68,assembly/textbin/fun_001f9a68,
001f9a80,fun_001f9a80,assembly/textbin/fun_001f9a80,
001f9a98,fun_001f9a98,assembly/textbin/fun_001f9a98,
001f9ab0,fast_vec_dot,assembly/textbin/fast_vec_dot,
001f9ad8,fast_vec_cross,assembly/textbin/fast_vec_cross,
001f9af0,fun_001f9af0,assembly/textbin/fun_001f9af0,
001f9b20,fun_001f9b20,assembly/textbin/fun_001f9b20,
001f9b48,fun_001f9b48,assembly/textbin/fun_001f9b48,
001f9b80,fun_001f9b80,assembly/textbin/fun_001f9b80,
001f9bb0,fun_001f9bb0,assembly/textbin/fun_001f9bb0,
001f9bf8,fun_001f9bf8,assembly/textbin/fun_001f9bf8,
001f9c48,fun_001f9c48,assembly/textbin/fun_001f9c48,
001f9c90,fun_001f9c90,assembly/textbin/fun_001f9c90,
001f9cf8,fun_001f9cf8,assembly/textbin/fun_001f9cf8,
001f9d20,fun_001f9d20,assembly/textbin/fun_001f9d20,
001f9d50,fast_vector_from_packed_chars,assembly/textbin/fast_vector_from_packed_chars,
001f9d68,fun_001f9d68,assembly/textbin/fun_001f9d68,
001f9d98,fast_count_chars,assembly/math/fast_count_chars,
001f9dc8,fast_cos,assembly/textbin/fast_cos,
001f9de0,fast_sin,assembly/textbin/fast_sin,
001f9df8,fast_arc_sin,assembly/textbin/fast_arc_sin,
001f9e90,fun_001f9e90,assembly/textbin/fun_001f9e90,
001f9fc8,fun_001f9fc8,assembly/textbin/fun_001f9fc8,
001f9ff8,fun_001f9ff8,assembly/textbin/fun_001f9ff8,
001fa030,fun_001fa030,assembly/textbin/fun_001fa030,
001fa050,fun_001fa050,assembly/textbin/fun_001fa050,
001fa070,fun_001fa070,assembly/textbin/fun_001fa070,
001fa298,fun_001fa298,assembly/textbin/fun_001fa298,
001fa2b8,fun_001fa2b8,assembly/textbin/fun_001fa2b8,
001fa2d8,fun_001fa2d8,assembly/textbin/fun_001fa2d8,
001fa328,fun_001fa328,assembly/textbin/fun_001fa328,
001fa378,fun_001fa378,assembly/textbin/fun_001fa378,
001fa3c0,fun_001fa3c0,assembly/textbin/fun_001fa3c0,
001fa400,fun_001fa400,assembly/textbin/fun_001fa400,
001fa480,fun_001fa480,assembly/textbin/fun_001fa480,
001fa4f8,fun_001fa4f8,assembly/textbin/fun_001fa4f8,
001fa580,fast_add_rotations,assembly/textbin/math/rotations/fast_add_rotations,
001fa5c8,fast_subtract_rotations,assembly/textbin/math/rotations/fast_subtract_rotations,
001fa610,fast_normalize_angle,assembly/textbin/math/rotations/fast_normalize_angle,
001fa688,fast_difference_between_rotations,assembly/textbin/math/rotations/fast_difference_between_rotations,
001fa6c0,convert_integer_to_float,math/convert_integer_to_float,ConvertIntegerToFloat
001fa6d0,truncate_float_to_s32,math/conversion/truncate_float_to_s32,
001fa6e0,fast_tween_color,assembly/textbin/fast_tween_color,
001fa728,fun_001fa728,assembly/textbin/fun_001fa728,
001fa820,fun_001fa820,assembly/textbin/fun_001fa820,
001fa860,fun_001fa860,assembly/textbin/fun_001fa860,
001fa978,setup_fs_aa_buffer,assembly/textbin/rendering/buffers/setup_fs_aa_buffer,
001fb280,set_background_color,rendering/color/set_background_color,
001fb2a8,put_disp_buffer,rendering/packets/put_disp_buffer,
001fb2d0,append_draw_environment_packet,rendering/packets/append_draw_environment_packet,
001fb368,append_gif_transfer_packet,rendering/packets/append_gif_transfer_packet,
001fb3d0,append_draw_buffer_packet,rendering/packets/append_draw_buffer_packet,
001fb440,fun_001fb440,assembly/textbin/fun_001fb440,
001fb680,append_texture_transfer_packet,rendering/texture/append_texture_transfer_packet,
001fb6e0,append_palette_transfer_packet,rendering/texture/append_palette_transfer_packet,
001fb740,fun_001fb740,assembly/textbin/fun_001fb740,
001fb8f0,fun_001fb8f0,assembly/textbin/fun_001fb8f0,
001fbab8,mode_freeze_init,assembly/textbin/runtime/memory/mode_freeze_init,
001fbc50,draw_dialog_text,assembly/textbin/rendering/draw_dialog_text,
001fce28,update_mode_freeze,assembly/textbin/runtime/memory/update_mode_freeze,
001fd6e0,calculate_ring_buffer_bounds,runtime/memory/calculate_ring_buffer_bounds,
001fd748,fun_001fd748,assembly/textbin/fun_001fd748,
001fdca0,find_help_message_index,ui/help/find_help_message_index,
001fdd10,get_help_message_text,ui/help/get_help_message_text,
001fdd58,link_localized_display_text,assembly/textbin/ui/text/link_localized_display_text,
001fde90,update_help_state,assembly/textbin/ui/help/update_help_state,
001fe898,help_draw_prompt,ui/help/help_draw_prompt,
001fe980,fun_001fe980,assembly/textbin/fun_001fe980,
001fecc8,fun_001fecc8,textbin/fun_001fecc8,
001fed30,fun_001fed30,textbin/fun_001fed30,
001fee38,find_animation_definition_index,gameplay/animation/find_animation_definition_index,
001fee88,fun_001fee88,textbin/fun_001fee88,
001fefc0,link_hud_bank,assembly/textbin/ui/hud/link_hud_bank,
001ff128,hud_send_resident_bank,assembly/textbin/ui/hud/hud_send_resident_bank,
001ff260,hud_heap_reset,ui/memory/hud_heap_reset,
001ff288,hud_heap_alloc,ui/hud/hud_heap_alloc,
001ff308,queue_animation_update,gameplay/animation/queue_animation_update,
001ff418,apply_pending_animation,gameplay/animation/apply_pending_animation,
001ff480,fun_001ff480,textbin/fun_001ff480,
001ff500,load_animation_definition,gameplay/animation/load_animation_definition,
001ff570,set_animation_parameter,gameplay/animation/set_animation_parameter,
001ff658,copy_text_to_shared_buffer,ui/text/copy_text_to_shared_buffer,
001ff768,update_resource_counter,runtime/resources/update_resource_counter,
001ff780,fun_001ff780,textbin/fun_001ff780,
001ff960,find_valid_animation_frame_index,gameplay/animation/find_valid_animation_frame_index,
001ffa10,get_frame_texture,assembly/textbin/gameplay/animation/get_frame_texture,
001ffc30,fun_001ffc30,assembly/textbin/fun_001ffc30,
001ffe18,fun_001ffe18,assembly/textbin/fun_001ffe18,
00200080,fun_00200080,assembly/textbin/fun_00200080,
00200258,fun_00200258,assembly/textbin/fun_00200258,
00200468,fun_00200468,assembly/textbin/fun_00200468,
00200600,fun_00200600,assembly/textbin/fun_00200600,
00200958,fun_00200958,assembly/textbin/fun_00200958,
00200b10,hud_send_texture,assembly/textbin/ui/hud/hud_send_texture,
00200c80,fun_00200c80,assembly/textbin/fun_00200c80,
00200e08,fun_00200e08,assembly/textbin/fun_00200e08,
00200f90,fun_00200f90,assembly/textbin/fun_00200f90,
00201128,draw_stretchable_ui_frame,ui/frames/draw_stretchable_ui_frame,
00201200,draw_framed_text,assembly/textbin/ui/frames/draw_framed_text,
002012b8,fun_002012b8,assembly/textbin/fun_002012b8,
00201520,load_irx_module,textbin/unclassified/load_irx_module,
002015d8,init_mem_slots,assembly/textbin/unclassified/init_mem_slots,
00201650,init_once,assembly/textbin/unclassified/init_once,
00201a28,update_all_point_lights,assembly/textbin/rendering/update_all_point_lights,
00201ba8,create_point_light,assembly/textbin/rendering/create_point_light,
00201f58,refresh_point_light,rendering/refresh_point_light,
00201f88,detach_point_light,rendering/detach_point_light,
00202270,fun_00202270,assembly/textbin/fun_00202270,
002026c8,parse_particle_textures,assembly/textbin/rendering/texture/parse_particle_textures,
00202800,fun_00202800,textbin/fun_00202800,
002028e0,fun_002028e0,assembly/textbin/fun_002028e0,
00202a98,load_hud_banks,assembly/textbin/ui/hud/load_hud_banks,
00202d10,load_compressed_hud_bank,ui/hud/load_compressed_hud_bank,
00202d78,fun_00202d78,assembly/textbin/fun_00202d78,
00202fd0,set_up_vis_gif_viewer,assembly/textbin/rendering/set_up_vis_gif_viewer,
00203120,fun_00203120,assembly/textbin/fun_00203120,
002032e0,relocate_asset_entry_pointers,runtime/relocation/relocate_asset_entry_pointers,
00203338,fun_00203338,assembly/textbin/fun_00203338,
00203640,fun_00203640,textbin/fun_00203640,
00203730,fun_00203730,assembly/textbin/fun_00203730,
00203b08,fun_00203b08,assembly/textbin/fun_00203b08,
002040e0,fun_002040e0,assembly/textbin/fun_002040e0,
002043b0,load_level_chunk_from_disc,world/streaming/load_level_chunk_from_disc,
00204428,fun_00204428,assembly/textbin/fun_00204428,
00204790,update_world_object_animation,assembly/textbin/world/animation/update_world_object_animation,
002049f0,parse_space_scene_chunk,world/parse_space_scene_chunk,
00204a40,select_world_object_resource_tables,assembly/textbin/world/data/select_world_object_resource_tables,
00204cf0,fun_00204cf0,assembly/textbin/fun_00204cf0,
00204e30,fun_00204e30,assembly/textbin/fun_00204e30,
00204ef8,fun_00204ef8,assembly/textbin/fun_00204ef8,
00204f60,promote_first_available_map_entry,ui/map/promote_first_available_map_entry,
00205000,move_map_entry_slot,ui/map/move_map_entry_slot,
002050a0,find_map_entry_slot,ui/map/find_map_entry_slot,
002050e8,fun_002050e8,assembly/textbin/fun_002050e8,
00205220,find_id_in_terminated_table,textbin/world/data/find_id_in_terminated_table,
00205278,fun_00205278,assembly/textbin/fun_00205278,
002053d8,compose_bitmap_from_mask,rendering/texture/compose_bitmap_from_mask,
00205440,fun_00205440,assembly/textbin/fun_00205440,
00205640,draw_map_overlay,assembly/textbin/ui/map/draw_map_overlay,
00206710,fun_00206710,assembly/textbin/fun_00206710,
00206860,fun_00206860,assembly/textbin/fun_00206860,
00206978,hit_test_fixed_screen_rectangle,ui/menus/hit_test_fixed_screen_rectangle,
00206bd8,fun_00206bd8,assembly/textbin/fun_00206bd8,
00206e18,fun_00206e18,textbin/fun_00206e18,
00206f50,fun_00206f50,textbin/fun_00206f50,
00207100,fun_00207100,textbin/fun_00207100,
002071c0,fun_002071c0,textbin/fun_002071c0,
00207300,fun_00207300,textbin/fun_00207300,
002073b8,fun_002073b8,textbin/fun_002073b8,
00207a18,fun_00207a18,textbin/fun_00207a18,
00207b08,fun_00207b08,textbin/fun_00207b08,
00207bb0,fun_00207bb0,textbin/fun_00207bb0,
00207c28,fun_00207c28,assembly/textbin/fun_00207c28,
00207e58,fun_00207e58,assembly/textbin/fun_00207e58,
00208030,fun_00208030,assembly/textbin/fun_00208030,
00208280,fun_00208280,assembly/textbin/fun_00208280,
00208408,fun_00208408,textbin/fun_00208408,
00208508,fun_00208508,assembly/textbin/fun_00208508,
00208770,fun_00208770,textbin/fun_00208770,
00208810,noop_memory_callback,runtime/callbacks/noop_memory_callback,NoOpMemoryCallback
00208818,compute_cross_product_sign,math/geometry/compute_cross_product_sign,Func00208818
00208840,fun_00208840,textbin/fun_00208840,
00208f28,fun_00208f28,textbin/fun_00208f28,
00209030,memcard_get_name,assembly/textbin/storage/memory_card/memcard_get_name,
00209168,fun_00209168,assembly/textbin/fun_00209168,
00209298,initialize_dma_packet_payloads,world/streaming/initialize_dma_packet_payloads,
00209370,load_and_initialize_level_chunk,world/streaming/load_and_initialize_level_chunk,
002093d8,memcard_update_state,assembly/textbin/storage/memory_card/memcard_update_state,
0020abb0,memcard_make_whole_save,storage/memory_card/memcard_make_whole_save,
0020ac58,memcard_initialize,storage/memory_card/memcard_initialize,
0020ac88,memcard_get_data_size,storage/memory_card/memcard_get_data_size,
0020acc0,calculate_crc16,storage/memory_card/data/calculate_crc16,
0020ad38,validate_data_crc,storage/memory_card/data/validate_data_crc,
0020ad78,memcard_prepare_data,assembly/textbin/storage/memory_card/data/memcard_prepare_data,
0020ae60,memcard_restore_info,assembly/textbin/storage/memory_card/data/memcard_restore_info,
0020af20,memcard_restore_data,assembly/textbin/storage/memory_card/data/memcard_restore_data,
0020b178,memcard_save_data,assembly/textbin/storage/memory_card/memcard_save_data,
0020b3c0,dma_to_spr,assembly/runtime/dma/dma_to_spr,
0020b3e0,dma_to_spr_sync,assembly/textbin/rendering/dma_to_spr_sync,
0020b418,init_dma,assembly/textbin/rendering/init_dma,
0020b4a8,fun_0020b4a8,assembly/textbin/fun_0020b4a8,
0020b618,fun_0020b618,assembly/textbin/fun_0020b618,
0020b950,fun_0020b950,assembly/textbin/fun_0020b950,
0020baf0,fun_0020baf0,textbin/fun_0020baf0,
0020bc00,fun_0020bc00,assembly/textbin/fun_0020bc00,
0020bf90,fun_0020bf90,assembly/textbin/fun_0020bf90,
0020c4f8,create_moby,assembly/textbin/gameplay/entities/create_moby,
0020c5f0,init_moby_instance,assembly/textbin/gameplay/entities/init_moby_instance,
0020c828,mark_moby_for_removal,gameplay/entities/mark_moby_for_removal,
0020c880,update_moby_animation_state,gameplay/animation/update_moby_animation_state,
0020c940,fun_0020c940,textbin/fun_0020c940,
0020c9e0,compute_interpolated_record_value,gameplay/state/compute_interpolated_record_value,
0020cb10,attach_manipulator,gameplay/entities/attach_manipulator,
0020cb88,detach_manipulator,textbin/gameplay/entities/detach_manipulator,
0020cc18,find_or_allocate_id_slot,gameplay/entities/find_or_allocate_id_slot,
0020cc60,fun_0020cc60,textbin/fun_0020cc60,
0020cca8,fun_0020cca8,textbin/fun_0020cca8,
0020cd48,transform_scaled_vertex_batch,rendering/geometry/transform_scaled_vertex_batch,
0020cdf0,dma_moby_textures,textbin/rendering/texture/dma_moby_textures,
0020cef8,patch_moby_gifs,textbin/gameplay/entities/patch_moby_gifs,
0020cfd0,fun_0020cfd0,textbin/fun_0020cfd0,
0020d060,fun_0020d060,assembly/textbin/fun_0020d060,
0020d1a8,process_moby_anim_data,gameplay/entities/process_moby_anim_data,
0020d1f0,init_moby_class_dists,gameplay/entities/init_moby_class_dists,
0020d218,stash_moby_class_dists,gameplay/entities/stash_moby_class_dists,
0020d248,restore_moby_class_dists,gameplay/entities/restore_moby_class_dists,
0020d278,draw_mobys_setup,gameplay/entities/draw_mobys_setup,
0020d330,draw_moby_list,gameplay/entities/draw_moby_list,
0020d3b0,draw_mobys_clean_up,gameplay/entities/draw_mobys_clean_up,
0020d460,draw_mobys,gameplay/entities/draw_mobys,
0020d4f0,pack_render_command_fields,rendering/commands/pack_render_command_fields,
0020d510,fun_0020d510,assembly/textbin/fun_0020d510,
0020d580,fun_0020d580,assembly/textbin/fun_0020d580,
0020d868,fun_0020d868,assembly/textbin/fun_0020d868,
0020db40,fun_0020db40,assembly/textbin/fun_0020db40,
0020dba0,fun_0020dba0,assembly/textbin/fun_0020dba0,
0020dc20,fun_0020dc20,assembly/textbin/fun_0020dc20,
0020def8,fun_0020def8,assembly/textbin/fun_0020def8,
0020e098,fun_0020e098,assembly/textbin/fun_0020e098,
0020e0e0,fun_0020e0e0,assembly/textbin/fun_0020e0e0,
0020ede8,fun_0020ede8,assembly/textbin/fun_0020ede8,
0020fa90,fun_0020fa90,assembly/textbin/fun_0020fa90,
002106f8,fun_002106f8,assembly/textbin/fun_002106f8,
00210850,fun_00210850,assembly/textbin/fun_00210850,
002109b8,fun_002109b8,assembly/textbin/fun_002109b8,
00211408,fun_00211408,assembly/textbin/fun_00211408,
002116b8,fun_002116b8,assembly/textbin/fun_002116b8,
00211728,moby_anim_proc,assembly/textbin/moby_anim_proc,
00211808,fun_00211808,assembly/textbin/fun_00211808,
00212c28,fun_00212c28,assembly/textbin/fun_00212c28,
00212d68,fun_00212d68,assembly/textbin/fun_00212d68,
00212e28,fun_00212e28,assembly/textbin/fun_00212e28,
00212ed8,fun_00212ed8,assembly/textbin/fun_00212ed8,
00212f90,fun_00212f90,assembly/textbin/fun_00212f90,
002130d8,fun_002130d8,assembly/textbin/fun_002130d8,
00213260,random_integer_below,math/random/random_integer_below,
002132a8,random_float_between,math/random/random_float_between,
00213308,random_angle_radians,math/random/random_angle_radians,
00213358,fun_00213358,textbin/fun_00213358,
002133d0,fun_002133d0,textbin/fun_002133d0,
00213508,fun_00213508,assembly/textbin/fun_00213508,
002135f0,fun_002135f0,assembly/textbin/fun_002135f0,
00213700,fun_00213700,assembly/textbin/fun_00213700,
00213ed8,fun_00213ed8,textbin/fun_00213ed8,
00213f38,fun_00213f38,assembly/textbin/fun_00213f38,
00214128,normalize_vector_triplet,math/vectors/normalize_vector_triplet,
00214228,read_state_field,runtime/state/read_state_field,
00214260,fun_00214260,assembly/textbin/fun_00214260,
002144d8,fun_002144d8,textbin/fun_002144d8,
00214530,build_quaternion_from_axis_angle,math/rotations/build_quaternion_from_axis_angle,
00214598,fun_00214598,assembly/textbin/fun_00214598,
00214720,is_point_inside_clip_volume,rendering/culling/is_point_inside_clip_volume,
00214800,fun_00214800,assembly/textbin/fun_00214800,
00214890,build_look_at_matrix,assembly/textbin/rendering/view/build_look_at_matrix,
00214970,fun_00214970,assembly/textbin/fun_00214970,
00214a98,fun_00214a98,assembly/textbin/fun_00214a98,
00214bc0,load_display_text_resource_entry,assembly/textbin/ui/text/load_display_text_resource_entry,
00214c48,round_float_to_decimal_places,math/conversion/round_float_to_decimal_places,
00214cc8,is_value_within_interpolated_window,gameplay/state/is_value_within_interpolated_window,
00214db0,build_spherical_offset,gameplay/camera/build_spherical_offset,
00214e58,fun_00214e58,assembly/textbin/fun_00214e58,
00215130,try_set_help_message,ui/help/try_set_help_message,
002151d8,force_help_message,ui/help/force_help_message,
00215248,compute_clamped_count_difference,ui/menus/compute_clamped_count_difference,
00215290,count_nonzero_entries_up_to_40,ui/menus/count_nonzero_entries_up_to_40,
00215300,count_nonzero_entries_up_to_10,ui/menus/count_nonzero_entries_up_to_10,
00215348,count_nonzero_entries_up_to_30,ui/menus/count_nonzero_entries_up_to_30,
00215390,fun_00215390,textbin/fun_00215390,
00215420,register_audio_stream_callback,audio/streaming/register_audio_stream_callback,
00215440,fun_00215440,assembly/textbin/fun_00215440,
00215518,fun_00215518,assembly/textbin/fun_00215518,
00215600,fun_00215600,assembly/textbin/fun_00215600,
002156d8,fun_002156d8,textbin/fun_002156d8,
002157d0,fun_002157d0,assembly/textbin/fun_002157d0,
002158a0,fun_002158a0,assembly/textbin/fun_002158a0,
00215970,fun_00215970,assembly/textbin/fun_00215970,
00215b10,continue_audio_stream_if_ready,audio/streaming/continue_audio_stream_if_ready,
00215b68,music_preseek_track,assembly/textbin/audio/music/music_preseek_track,
00215c40,music_start_track,assembly/textbin/audio/music/music_start_track,
00215d18,music_start_track_body,assembly/textbin/audio/music/music_start_track_body,
00215e00,music_transition,assembly/textbin/audio/music/music_transition,
00215ee8,music_stop,audio/music/music_stop,
00216050,initialize_render_state,rendering/state/initialize_render_state,
00216088,update_render_state_command,rendering/commands/update_render_state_command,
002160a8,music_update_stream,assembly/textbin/audio/music/music_update_stream,
00216290,music_update,assembly/textbin/audio/music/music_update,
002166e8,request_audio_stream_break,audio/streaming/request_audio_stream_break,
00216728,submit_audio_stream_io_request,textbin/audio/streaming/submit_audio_stream_io_request,
00216788,start_audio_stream_read,audio/streaming/start_audio_stream_read,
00216828,load,audio/load,
002168a8,update_audio_stream_until_idle,audio/streaming/update_audio_stream_until_idle,
00216950,finish_audio_stream_read,audio/streaming/finish_audio_stream_read,
002169c0,fun_002169c0,textbin/fun_002169c0,
00216a20,fun_00216a20,textbin/fun_00216a20,
00216b68,set_sound_handle_id,audio/voices/set_sound_handle_id,
00216c48,fun_00216c48,assembly/textbin/fun_00216c48,
00217020,reset_global_state,runtime/state/reset_global_state,ResetGlobalStateFields
00217048,fun_00217048,textbin/fun_00217048,
002170c8,poll_pad_device_state,assembly/textbin/input/pad/poll_pad_device_state,
002172c0,clear_pad_input,input/pad/clear_pad_input,
00217328,process_pad_input,assembly/textbin/input/pad/process_pad_input,
00217a10,update_primary_pad_state,input/pad/update_primary_pad_state,
00217a30,fun_00217a30,assembly/textbin/fun_00217a30,
00217b88,fun_00217b88,assembly/textbin/fun_00217b88,
00217c18,part_proc,assembly/textbin/part_proc,
0021880c,fun_0021880c,assembly/textbin/fun_0021880c,
00218888,fun_00218888,assembly/textbin/fun_00218888,
00218d10,fun_00218d10,assembly/textbin/fun_00218d10,
00218d78,pause_all_sounds,assembly/textbin/audio/voices/pause_all_sounds,
00218f68,initialize_transfer_command,runtime/dma/initialize_transfer_command,
00218f98,fun_00218f98,assembly/textbin/fun_00218f98,
002191b8,fun_002191b8,textbin/fun_002191b8,
002192a8,fun_002192a8,assembly/textbin/fun_002192a8,
002196b8,fun_002196b8,assembly/textbin/fun_002196b8,
00219e10,fun_00219e10,assembly/textbin/fun_00219e10,
00219fa0,fun_00219fa0,textbin/fun_00219fa0,
0021a1e0,fun_0021a1e0,assembly/textbin/fun_0021a1e0,
0021a328,fun_0021a328,assembly/textbin/fun_0021a328,
0021abf8,fun_0021abf8,assembly/textbin/fun_0021abf8,
0021b1c8,fun_0021b1c8,assembly/textbin/fun_0021b1c8,
0021b6d8,fun_0021b6d8,assembly/textbin/fun_0021b6d8,
0021b858,fun_0021b858,assembly/textbin/fun_0021b858,
0021bda0,fun_0021bda0,textbin/fun_0021bda0,
0021be60,draw_map_screen,assembly/textbin/ui/map/draw_map_screen,
0021c420,fun_0021c420,assembly/textbin/fun_0021c420,
0021c4c0,fun_0021c4c0,assembly/textbin/fun_0021c4c0,
0021c7a0,fun_0021c7a0,assembly/textbin/fun_0021c7a0,
0021cae0,fun_0021cae0,textbin/fun_0021cae0,
0021cb30,sound_options_menu,assembly/textbin/ui/menus/audio/sound_options_menu,
0021ce00,draw_sound_menu,assembly/textbin/ui/menus/audio/draw_sound_menu,
0021d1f8,fun_0021d1f8,textbin/fun_0021d1f8,
0021d2c8,fun_0021d2c8,textbin/fun_0021d2c8,
0021d338,fun_0021d338,assembly/textbin/fun_0021d338,
0021d4a8,fun_0021d4a8,assembly/textbin/fun_0021d4a8,
0021d948,fun_0021d948,assembly/textbin/fun_0021d948,
0021ddf8,fun_0021ddf8,assembly/textbin/fun_0021ddf8,
0021df58,fun_0021df58,textbin/fun_0021df58,
0021df98,fun_0021df98,assembly/textbin/fun_0021df98,
0021e110,fun_0021e110,textbin/fun_0021e110,
0021e1f8,fun_0021e1f8,textbin/fun_0021e1f8,
0021e230,fun_0021e230,assembly/textbin/fun_0021e230,
0021e608,fun_0021e608,textbin/fun_0021e608,
0021e698,fun_0021e698,assembly/textbin/fun_0021e698,
0021e890,draw_quit_game_menu,ui/menus/draw_quit_game_menu,
0021ea48,fun_0021ea48,textbin/fun_0021ea48,
0021eaf0,fun_0021eaf0,textbin/fun_0021eaf0,
0021eb20,draw_items_menu,assembly/textbin/ui/menus/inventory/draw_items_menu,
0021ef78,setup_menu_display_text,assembly/textbin/ui/menus/setup_menu_display_text,
0021f120,fun_0021f120,textbin/fun_0021f120,
0021f158,fun_0021f158,textbin/fun_0021f158,
0021f330,draw_map_screen_overlay,ui/map/draw_map_screen_overlay,
0021f368,draw_missions_menu,assembly/textbin/ui/menus/missions/draw_missions_menu,
0021f5f8,draw_mission_menu_labels,ui/menus/missions/draw_mission_menu_labels,
0021f688,draw_missions_menu2,assembly/textbin/ui/menus/missions/draw_missions_menu2,
0021f8e8,draw_menu_selection_marker,ui/menus/draw_menu_selection_marker,
0021f990,fun_0021f990,assembly/textbin/fun_0021f990,
0021fc68,draw_transition_overlay,rendering/transitions/draw_transition_overlay,
0021fce0,fun_0021fce0,textbin/fun_0021fce0,
0021fd78,fun_0021fd78,textbin/fun_0021fd78,
0021fdc8,fun_0021fdc8,assembly/textbin/fun_0021fdc8,
00220348,draw_checking_memory_card_data_menu,assembly/textbin/ui/menus/save_data/draw_checking_memory_card_data_menu,
00220648,advance_audio_stream_state,audio/streaming/advance_audio_stream_state,
00220790,draw_two_texture_panels,rendering/draw_two_texture_panels,
00220850,fun_00220850,assembly/textbin/fun_00220850,
00220b20,fun_00220b20,assembly/textbin/fun_00220b20,
00220e28,fun_00220e28,assembly/textbin/fun_00220e28,
00221030,draw_cheats_menu,assembly/textbin/ui/menus/draw_cheats_menu,
002212b8,fun_002212b8,textbin/fun_002212b8,
00221460,fun_00221460,assembly/textbin/fun_00221460,
002216c0,fun_002216c0,assembly/textbin/fun_002216c0,
00221930,fun_00221930,textbin/fun_00221930,
00221968,fun_00221968,textbin/fun_00221968,
00221a48,fun_00221a48,textbin/fun_00221a48,
00221a88,fun_00221a88,textbin/fun_00221a88,
00221b50,fun_00221b50,assembly/textbin/fun_00221b50,
00221d68,fun_00221d68,textbin/fun_00221d68,
00221e50,fun_00221e50,textbin/fun_00221e50,
00221f58,fun_00221f58,assembly/textbin/fun_00221f58,
002220f0,fun_002220f0,textbin/fun_002220f0,
00222290,process_global_state_flags,gameplay/state/process_global_state_flags,
002223f0,fun_002223f0,assembly/textbin/fun_002223f0,
00222768,fun_00222768,assembly/textbin/fun_00222768,
00222948,obtain_all_gold_weapons_menu,assembly/textbin/ui/menus/weapons/obtain_all_gold_weapons_menu,
00222a98,draw_localized_three_option_menu,assembly/textbin/ui/menus/draw_localized_three_option_menu,
00222d98,fun_00222d98,textbin/fun_00222d98,
00222f18,fun_00222f18,textbin/fun_00222f18,
00222f58,fun_00222f58,textbin/fun_00222f58,
00222f88,saving_data_menu,assembly/textbin/ui/menus/save_data/saving_data_menu,
002232d8,loading_data_menu,assembly/textbin/ui/menus/save_data/loading_data_menu,
002235b8,saving_data_menu2,assembly/textbin/ui/menus/save_data/saving_data_menu2,
002239e0,fun_002239e0,assembly/textbin/fun_002239e0,
00223e28,fun_00223e28,assembly/textbin/fun_00223e28,
002240c8,fun_002240c8,assembly/textbin/fun_002240c8,
002242b8,fun_002242b8,textbin/fun_002242b8,
00224368,load_hand_gadget,assembly/textbin/gameplay/gadgets/load_hand_gadget,
00224b70,fun_00224b70,assembly/textbin/fun_00224b70,
00224d28,fun_00224d28,assembly/textbin/fun_00224d28,
00224e18,fun_00224e18,assembly/textbin/fun_00224e18,
00224fc0,fun_00224fc0,assembly/textbin/fun_00224fc0,
002250f0,fun_002250f0,assembly/textbin/fun_002250f0,
00225180,fun_00225180,assembly/textbin/fun_00225180,
00225490,fun_00225490,textbin/fun_00225490,
00225530,fun_00225530,textbin/fun_00225530,
00225660,fun_00225660,textbin/fun_00225660,
002256e8,fun_002256e8,assembly/textbin/fun_002256e8,
00225a68,draw_moby_entries_from_object,rendering/entities/draw_moby_entries_from_object,
00225ac0,fun_00225ac0,assembly/textbin/fun_00225ac0,
00225c18,select_next_stream_buffer,audio/streaming/select_next_stream_buffer,
00225cd8,complete_stream_buffer_transfer,audio/streaming/complete_stream_buffer_transfer,
00225d88,get_stream_buffer_size,audio/streaming/get_stream_buffer_size,
00225dd8,fun_00225dd8,textbin/fun_00225dd8,
00225e20,clear_record_flag_by_key,audio/streaming/clear_record_flag_by_key,
00225e70,fun_00225e70,assembly/textbin/fun_00225e70,
002265d8,fun_002265d8,assembly/textbin/fun_002265d8,
00226670,fun_00226670,assembly/textbin/fun_00226670,
00226718,fun_00226718,textbin/fun_00226718,
00226778,pack_image_descriptor,rendering/image/pack_image_descriptor,
002267b8,fun_002267b8,textbin/fun_002267b8,
00226848,fun_00226848,textbin/fun_00226848,
002269c0,fun_002269c0,assembly/textbin/fun_002269c0,
00226a70,fun_00226a70,textbin/fun_00226a70,
00226b08,fun_00226b08,assembly/textbin/fun_00226b08,
00226e08,fun_00226e08,textbin/fun_00226e08,
00226e58,fun_00226e58,textbin/fun_00226e58,
00226f50,clear_scene_state_buffers,gameplay/state/clear_scene_state_buffers,
00226fb8,fun_00226fb8,assembly/textbin/fun_00226fb8,
002270e8,parse_typed_resource_record,world/data/parse_typed_resource_record,
00227140,fun_00227140,assembly/textbin/fun_00227140,
002271d0,fun_002271d0,assembly/textbin/fun_002271d0,
00227378,fun_00227378,assembly/textbin/fun_00227378,
00227548,fun_00227548,assembly/textbin/fun_00227548,
00227740,fun_00227740,assembly/textbin/fun_00227740,
00227a08,fun_00227a08,assembly/textbin/fun_00227a08,
00227d80,fun_00227d80,assembly/textbin/fun_00227d80,
00227ed0,fun_00227ed0,assembly/textbin/fun_00227ed0,
00228520,fun_00228520,assembly/textbin/fun_00228520,
00228598,fun_00228598,assembly/textbin/fun_00228598,
002288f0,dma_shrub_textures,assembly/textbin/rendering/texture/dma_shrub_textures,
00228a30,fun_00228a30,textbin/fun_00228a30,
00228b38,draw_shrubs,rendering/draw_shrubs,
00228be8,fun_00228be8,assembly/textbin/fun_00228be8,
0022a330,fun_0022a330,assembly/textbin/fun_0022a330,
0022a5e0,fun_0022a5e0,assembly/textbin/fun_0022a5e0,
0022ae70,update_sky_effects,assembly/textbin/rendering/sky/update_sky_effects,
0022b288,fun_0022b288,assembly/textbin/fun_0022b288,
0022b4c8,setup_sky_gif_paging,assembly/textbin/rendering/sky/setup_sky_gif_paging,
0022b558,do_sky_gif_paging,assembly/textbin/rendering/sky/do_sky_gif_paging,
0022b690,sky_draw_shell,rendering/sky/sky_draw_shell,
0022b6e8,sky_draw_shell_textured,assembly/textbin/rendering/sky/sky_draw_shell_textured,
0022b928,sky_draw_shell_gouraud,assembly/textbin/rendering/sky/sky_draw_shell_gouraud,
0022bba0,sky_sprite_proc,assembly/textbin/sky_sprite_proc,
0022bec4,fun_0022bec4,assembly/textbin/fun_0022bec4,
0022bf94,fun_0022bf94,assembly/textbin/fun_0022bf94,
0022c0e0,fun_0022c0e0,assembly/textbin/fun_0022c0e0,
0022c208,fun_0022c208,assembly/textbin/fun_0022c208,
0022c4c8,fun_0022c4c8,assembly/textbin/fun_0022c4c8,
0022c5a8,fun_0022c5a8,textbin/fun_0022c5a8,
0022c658,fun_0022c658,assembly/textbin/fun_0022c658,
0022c6f8,fun_0022c6f8,textbin/fun_0022c6f8,
0022c7e8,fun_0022c7e8,textbin/fun_0022c7e8,
0022c830,fun_0022c830,textbin/fun_0022c830,
0022c8d0,fun_0022c8d0,assembly/textbin/fun_0022c8d0,
0022ca50,sound_update,assembly/textbin/audio/voices/sound_update,
0022d708,load_audio_bank_by_location,audio/banks/load_audio_bank_by_location,
0022d798,release_voice_slot,audio/voices/release_voice_slot,
0022d7f0,fun_0022d7f0,assembly/textbin/fun_0022d7f0,
0022da68,fun_0022da68,textbin/fun_0022da68,
0022db10,allocate_voice_for_bank_entry,audio/voices/allocate_voice_for_bank_entry,
0022dba0,allocate_voice_for_group_entry,audio/voices/allocate_voice_for_group_entry,
0022dc50,enqueue_voice_request,assembly/textbin/audio/voices/enqueue_voice_request,
0022dcd0,sound_stop_all_sounds,assembly/textbin/audio/voices/sound_stop_all_sounds,
0022de10,build_object_rotation_matrix,assembly/textbin/world/transforms/build_object_rotation_matrix,
0022df40,fun_0022df40,assembly/textbin/fun_0022df40,
0022e188,initialize_global_state_entry,runtime/state/initialize_global_state_entry,
0022e420,fun_0022e420,assembly/textbin/fun_0022e420,
0022e8c8,fun_0022e8c8,assembly/textbin/fun_0022e8c8,
0022ea08,fun_0022ea08,textbin/fun_0022ea08,
0022eaa8,fun_0022eaa8,assembly/textbin/fun_0022eaa8,
0022f288,fun_0022f288,assembly/textbin/fun_0022f288,
0022f5b0,fun_0022f5b0,assembly/textbin/fun_0022f5b0,
0022f778,fun_0022f778,assembly/textbin/fun_0022f778,
00230ee8,dispatch_game_state_update,gameplay/state/dispatch_game_state_update,
00230f60,fun_00230f60,assembly/textbin/fun_00230f60,
00231608,fun_00231608,textbin/fun_00231608,
002316e8,fun_002316e8,assembly/textbin/fun_002316e8,
00231878,fun_00231878,assembly/textbin/fun_00231878,
00231bd8,fun_00231bd8,assembly/textbin/fun_00231bd8,
00231ff0,do_space_transition,assembly/textbin/gameplay/state/do_space_transition,
002327a0,fun_002327a0,assembly/textbin/fun_002327a0,
00232ce0,initialize_sif_rpc,runtime/rpc/initialize_sif_rpc,
00232d00,fun_00232d00,assembly/textbin/fun_00232d00,
00232e40,stash_send_data,assembly/textbin/world/data/stash_send_data,
00232f20,fun_00232f20,textbin/fun_00232f20,
00233038,lookup_resource_entry,runtime/resources/lookup_resource_entry,
00233068,set_tfrag_dists,assembly/textbin/rendering/set_tfrag_dists,
002331c0,dma_tfrag_textures,assembly/textbin/rendering/texture/dma_tfrag_textures,
00233308,patch_tfrag_gifs,assembly/textbin/rendering/patch_tfrag_gifs,
002333a8,draw_tfrag,assembly/textbin/rendering/draw_tfrag,
002334d8,start_vif1_dma_transfer,rendering/dma/start_vif1_dma_transfer,
002335a0,calculate_dma_transfer_address,assembly/runtime/dma/calculate_dma_transfer_address,
002335d0,vu1_init_chain,assembly/textbin/rendering/vu1_init_chain,
00233630,swap_render_buffer_chain,rendering/buffers/swap_render_buffer_chain,
002336a0,vu1_send_chain,assembly/textbin/rendering/vu1_send_chain,
002337b0,vu1_sync_chain,textbin/rendering/vu1_sync_chain,
00233830,vu1_add_data_ref,rendering/vu1_add_data_ref,
00233888,write_vif_unpack_packet,rendering/packets/write_vif_unpack_packet,
00233938,fun_00233938,textbin/fun_00233938,
00233980,vu1_add_g_sregister,rendering/vu1_add_g_sregister,
00233a40,vu1_set_scissor,assembly/textbin/rendering/vu1_set_scissor,
00233b68,vu1_tex_flush,rendering/vu1_tex_flush,
00233bc8,vu1_gs_regs_normal,rendering/vu1_gs_regs_normal,
00233c28,fun_00233c28,textbin/fun_00233c28,
00233c90,fun_00233c90,textbin/fun_00233c90,
00233d00,dmac_vif1_enable,rendering/dmac_vif1_enable,
00233d90,dmac_vif1_disable,rendering/dmac_vif1_disable,
00233e00,sub_00233e00,assembly/textbin/sub_00233e00,
00233f00,print_register_values_and_halt,runtime/diagnostics/print_register_values_and_halt,
00233f78,append_dma_tag,runtime/dma/append_dma_tag,
00233fb0,tfrag_proc,assembly/textbin/tfrag_proc,
00234bd8,fun_00234bd8,assembly/textbin/fun_00234bd8,
00234d48,build_tfrag_texture_dma,assembly/textbin/build_tfrag_texture_dma,
00234f98,fun_00234f98,assembly/textbin/fun_00234f98,
00235640,dma_tie_textures,assembly/textbin/rendering/texture/dma_tie_textures,
00235780,patch_tie_texture_fields,rendering/texture/patch_tie_texture_fields,
00235840,copy_render_buffer_pair,rendering/buffers/copy_render_buffer_pair,
00235898,register_entity_render_resources,rendering/entities/register_entity_render_resources,
002358c8,draw_ties_1,rendering/draw_ties_1,
00235990,draw_ties_2,assembly/textbin/rendering/draw_ties_2,
00235be8,fun_00235be8,assembly/textbin/fun_00235be8,
002370c0,fun_002370c0,assembly/textbin/fun_002370c0,
00237370,fun_00237370,assembly/textbin/fun_00237370,
00237a70,noop_graphics_callback,rendering/callbacks/noop_graphics_callback,NoOpGraphicsCallback
00237a78,fun_00237a78,assembly/textbin/fun_00237a78,
00237c80,fun_00237c80,assembly/textbin/fun_00237c80,
00237e90,set_scrolling_status_message,ui/text/set_scrolling_status_message,
00237ed0,fun_00237ed0,assembly/textbin/fun_00237ed0,
00238310,fun_00238310,assembly/textbin/fun_00238310,
00238520,update_scrolling_status_message,ui/text/update_scrolling_status_message,
00238630,fun_00238630,textbin/fun_00238630,
00238688,format_scaled_display_value,ui/menus/format_scaled_display_value,
002386e8,fun_002386e8,textbin/fun_002386e8,
002389e0,fun_002389e0,assembly/textbin/fun_002389e0,
00238f08,fun_00238f08,assembly/textbin/fun_00238f08,
00239160,fun_00239160,assembly/textbin/fun_00239160,
00239328,fun_00239328,assembly/textbin/fun_00239328,
00239690,fun_00239690,textbin/fun_00239690,
00239750,fun_00239750,textbin/fun_00239750,
00239780,fun_00239780,assembly/textbin/fun_00239780,
00239d60,fun_00239d60,assembly/textbin/fun_00239d60,
00239f58,fun_00239f58,assembly/textbin/fun_00239f58,
0023a318,fun_0023a318,textbin/fun_0023a318,
0023a3b8,fun_0023a3b8,textbin/fun_0023a3b8,
0023a460,read_mpeg,assembly/textbin/video/decoder/read_mpeg,
0023a770,switch_thread,runtime/threads/switch_thread,
0023a790,is_audio_ok,audio/decoder/is_audio_ok,
0023a7c0,initialize_audio_system,assembly/textbin/audio/decoder/initialize_audio_system,
0023aa68,terminate_audio_system,audio/decoder/terminate_audio_system,
0023ab78,log_audio_error,audio/decoder/log_audio_error,
0023aba0,process_audio_stream,audio/decoder/process_audio_stream,
0023abd0,audio_dec_create,audio/decoder/audio_dec_create,
0023ac90,audio_dec_delete,audio/decoder/audio_dec_delete,
0023acb8,audio_dec_start,audio/decoder/audio_dec_start,
0023ad10,audio_dec_reset,audio/decoder/audio_dec_reset,
0023ad58,audio_dec_begin_put,audio/decoder/audio_dec_begin_put,
0023ae28,audio_dec_end_put,textbin/audio/decoder/audio_dec_end_put,
0023aee0,is_state_field_large,runtime/state/is_state_field_large,IsStateFieldLarge
0023aef0,audio_dec_send,audio/decoder/audio_dec_send,
0023af18,send_to_spu,audio/decoder/send_to_spu,
0023afc0,send_adpcm,assembly/textbin/audio/decoder/send_adpcm,
0023b210,build_image_transfer_tag,assembly/textbin/video/decoder/build_image_transfer_tag,
0023b3d8,vblank_handler,assembly/textbin/vblank_handler,
0023b540,handle_end_image,video/decoder/callbacks/handle_end_image,
0023b590,wait_for_display_vsync,video/display/wait_for_display_vsync,
0023b5e0,clear_stage_state_flag,gameplay/state/clear_stage_state_flag,
0023b5f0,video_callback,assembly/textbin/video/decoder/callbacks/video_callback,
0023b728,pcm_callback,textbin/audio/decoder/callbacks/pcm_callback,
0023b810,copy_video_buffer_region,textbin/video/decoder/buffers/copy_video_buffer_region,
0023b940,read_buf_create,runtime/buffers/read_buf_create,InitializeStateFields
0023b958,read_buf_delete,runtime/buffers/read_buf_delete,NoOpStateCallback
0023b960,read_buf_begin_put,runtime/buffers/read_buf_begin_put,GetStateOffsetAddress
0023b9d8,read_buf_begin_get,video/decoder/buffers/read_buf_begin_get,
0023ba20,get_state_table_word,runtime/data/get_state_table_word,
0023ba48,set_state_fields,runtime/state/set_state_fields,SetStateFields
0023ba58,get_state_callback_result,runtime/state/get_state_callback_result,GetStateCallbackResult
0023ba60,fun_0023ba60,textbin/fun_0023ba60,
0023baf8,get_fifo_index,video/decoder/buffers/get_fifo_index,
0023bb40,set_dma_channel_3_control_register,video/decoder/dma/set_dma_channel_3_control_register,
0023bbb0,set_dma_channel_4_control_register,video/decoder/dma/set_dma_channel_4_control_register,
0023bc20,pack_state_value,runtime/state/pack_state_value,PackStateValue
0023bc48,vi_buf_create,assembly/textbin/video/decoder/vi_buf_create,
0023bcc0,vi_buf_reset,assembly/textbin/video/decoder/vi_buf_reset,
0023be20,vi_buf_begin_put,video/decoder/vi_buf_begin_put,
0023bf18,vi_buf_end_put,video/decoder/vi_buf_end_put,
0023bf70,vi_buf_add_dma,assembly/textbin/video/decoder/vi_buf_add_dma,
0023c170,vi_buf_stop_dma,textbin/video/decoder/vi_buf_stop_dma,
0023c280,vi_buf_restart_dma,assembly/textbin/video/decoder/vi_buf_restart_dma,
0023c5b8,vi_buf_delete,video/decoder/vi_buf_delete,
0023c610,vi_buf_count,video/decoder/vi_buf_count,
0023c660,vi_buf_flush,video/decoder/vi_buf_flush,
0023c6b8,vi_buf_modify_pts,assembly/textbin/video/decoder/vi_buf_modify_pts,
0023c810,vi_buf_put_ts,textbin/video/decoder/vi_buf_put_ts,
0023c920,vi_buf_get_ts,assembly/textbin/video/decoder/vi_buf_get_ts,
0023cac8,video_dec_create,video/decoder/video_dec_create,
0023cbd0,video_dec_set_stream,video/decoder/video_dec_set_stream,
0023cbf0,video_dec_begin_put,video/decoder/video_dec_begin_put,
0023cc10,video_dec_end_put,video/decoder/video_dec_end_put,
0023cc30,video_dec_reset,video/decoder/video_dec_reset,ClearStateField
0023cc38,video_dec_delete,video/decoder/video_dec_delete,
0023cc70,set_state_field,runtime/state/set_state_field,SetStateField
0023cc80,video_dec_get_state,video/decoder/video_dec_get_state,GetStateField
0023cc88,replace_state_field,runtime/state/replace_state_field,ReplaceStateField
0023cc98,video_dec_put_ts,video/decoder/video_dec_put_ts,
0023cce0,video_dec_input_count,video/decoder/video_dec_input_count,
0023cd08,video_dec_flush,video/decoder/video_dec_flush,
0023cde0,video_dec_is_flushed,video/decoder/video_dec_is_flushed,
0023ce28,run_video_decoder,video/decoder/run_video_decoder,
0023cec8,decode_bitstream_0,assembly/textbin/video/decoder/decode_bitstream_0,
0023d080,handle_mpeg_error,video/decoder/callbacks/handle_mpeg_error,
0023d0a8,handle_mpeg_no_data,video/decoder/callbacks/handle_mpeg_no_data,
0023d140,get_mpeg_timestamp,video/decoder/callbacks/get_mpeg_timestamp,
0023d190,vo_buf_create,textbin/video/decoder/vo_buf_create,
0023d1e0,vo_buf_delete,video/decoder/vo_buf_delete,NoOpStateUpdate
0023d1e8,vo_buf_reset,video/decoder/vo_buf_reset,ClearStateFields
0023d1f8,compare_state_fields,runtime/state/compare_state_fields,CompareStateFields
0023d210,vo_buf_inc_count,assembly/textbin/video/decoder/vo_buf_inc_count,
0023d288,vo_buf_get_data,video/decoder/vo_buf_get_data,
0023d2c8,is_state_field_zero,runtime/state/is_state_field_zero,IsStateFieldZero
0023d2d8,vo_buf_get_tag,video/decoder/vo_buf_get_tag,
0023d340,decrement_state_field,runtime/state/decrement_state_field,DecrementStateFieldIfPositive
